dataset,seed,model,true_class,predicted_class,count
GoogleCluster,42,KATS,High,High,4617
GoogleCluster,42,KATS,High,Low,3
GoogleCluster,42,KATS,High,Medium,0
GoogleCluster,42,KATS,Low,High,1
GoogleCluster,42,KATS,Low,Low,2498
GoogleCluster,42,KATS,Low,Medium,0
GoogleCluster,42,KATS,Medium,High,5
GoogleCluster,42,KATS,Medium,Low,0
GoogleCluster,42,KATS,Medium,Medium,4876
GoogleCluster,42,LightGBM,High,High,4617
GoogleCluster,42,LightGBM,High,Low,3
GoogleCluster,42,LightGBM,High,Medium,0
GoogleCluster,42,LightGBM,Low,High,1
GoogleCluster,42,LightGBM,Low,Low,2498
GoogleCluster,42,LightGBM,Low,Medium,0
GoogleCluster,42,LightGBM,Medium,High,6
GoogleCluster,42,LightGBM,Medium,Low,0
GoogleCluster,42,LightGBM,Medium,Medium,4875
GoogleCluster,42,XGBoost,High,High,4617
GoogleCluster,42,XGBoost,High,Low,3
GoogleCluster,42,XGBoost,High,Medium,0
GoogleCluster,42,XGBoost,Low,High,2
GoogleCluster,42,XGBoost,Low,Low,2497
GoogleCluster,42,XGBoost,Low,Medium,0
GoogleCluster,42,XGBoost,Medium,High,7
GoogleCluster,42,XGBoost,Medium,Low,0
GoogleCluster,42,XGBoost,Medium,Medium,4874
GoogleCluster,42,RandomForest,High,High,4617
GoogleCluster,42,RandomForest,High,Low,0
GoogleCluster,42,RandomForest,High,Medium,3
GoogleCluster,42,RandomForest,Low,High,0
GoogleCluster,42,RandomForest,Low,Low,2499
GoogleCluster,42,RandomForest,Low,Medium,0
GoogleCluster,42,RandomForest,Medium,High,3
GoogleCluster,42,RandomForest,Medium,Low,0
GoogleCluster,42,RandomForest,Medium,Medium,4878
GoogleCluster,42,BalancedRF,High,High,4617
GoogleCluster,42,BalancedRF,High,Low,1
GoogleCluster,42,BalancedRF,High,Medium,2
GoogleCluster,42,BalancedRF,Low,High,0
GoogleCluster,42,BalancedRF,Low,Low,2499
GoogleCluster,42,BalancedRF,Low,Medium,0
GoogleCluster,42,BalancedRF,Medium,High,6
GoogleCluster,42,BalancedRF,Medium,Low,0
GoogleCluster,42,BalancedRF,Medium,Medium,4875
GoogleCluster,42,MLP,High,High,4601
GoogleCluster,42,MLP,High,Low,6
GoogleCluster,42,MLP,High,Medium,13
GoogleCluster,42,MLP,Low,High,1
GoogleCluster,42,MLP,Low,Low,2497
GoogleCluster,42,MLP,Low,Medium,1
GoogleCluster,42,MLP,Medium,High,15
GoogleCluster,42,MLP,Medium,Low,2
GoogleCluster,42,MLP,Medium,Medium,4864
GoogleCluster,42,LogReg,High,High,4244
GoogleCluster,42,LogReg,High,Low,370
GoogleCluster,42,LogReg,High,Medium,6
GoogleCluster,42,LogReg,Low,High,129
GoogleCluster,42,LogReg,Low,Low,2361
GoogleCluster,42,LogReg,Low,Medium,9
GoogleCluster,42,LogReg,Medium,High,301
GoogleCluster,42,LogReg,Medium,Low,116
GoogleCluster,42,LogReg,Medium,Medium,4464
GoogleCluster,42,NaiveBayes,High,High,3852
GoogleCluster,42,NaiveBayes,High,Low,689
GoogleCluster,42,NaiveBayes,High,Medium,79
GoogleCluster,42,NaiveBayes,Low,High,193
GoogleCluster,42,NaiveBayes,Low,Low,2290
GoogleCluster,42,NaiveBayes,Low,Medium,16
GoogleCluster,42,NaiveBayes,Medium,High,140
GoogleCluster,42,NaiveBayes,Medium,Low,387
GoogleCluster,42,NaiveBayes,Medium,Medium,4354
GoogleCluster,7,KATS,High,High,4617
GoogleCluster,7,KATS,High,Low,3
GoogleCluster,7,KATS,High,Medium,0
GoogleCluster,7,KATS,Low,High,1
GoogleCluster,7,KATS,Low,Low,2498
GoogleCluster,7,KATS,Low,Medium,0
GoogleCluster,7,KATS,Medium,High,8
GoogleCluster,7,KATS,Medium,Low,0
GoogleCluster,7,KATS,Medium,Medium,4873
GoogleCluster,7,LightGBM,High,High,4617
GoogleCluster,7,LightGBM,High,Low,3
GoogleCluster,7,LightGBM,High,Medium,0
GoogleCluster,7,LightGBM,Low,High,1
GoogleCluster,7,LightGBM,Low,Low,2498
GoogleCluster,7,LightGBM,Low,Medium,0
GoogleCluster,7,LightGBM,Medium,High,7
GoogleCluster,7,LightGBM,Medium,Low,0
GoogleCluster,7,LightGBM,Medium,Medium,4874
GoogleCluster,7,XGBoost,High,High,4616
GoogleCluster,7,XGBoost,High,Low,3
GoogleCluster,7,XGBoost,High,Medium,1
GoogleCluster,7,XGBoost,Low,High,1
GoogleCluster,7,XGBoost,Low,Low,2498
GoogleCluster,7,XGBoost,Low,Medium,0
GoogleCluster,7,XGBoost,Medium,High,10
GoogleCluster,7,XGBoost,Medium,Low,0
GoogleCluster,7,XGBoost,Medium,Medium,4871
GoogleCluster,7,RandomForest,High,High,4618
GoogleCluster,7,RandomForest,High,Low,2
GoogleCluster,7,RandomForest,High,Medium,0
GoogleCluster,7,RandomForest,Low,High,2
GoogleCluster,7,RandomForest,Low,Low,2497
GoogleCluster,7,RandomForest,Low,Medium,0
GoogleCluster,7,RandomForest,Medium,High,7
GoogleCluster,7,RandomForest,Medium,Low,0
GoogleCluster,7,RandomForest,Medium,Medium,4874
GoogleCluster,7,BalancedRF,High,High,4615
GoogleCluster,7,BalancedRF,High,Low,5
GoogleCluster,7,BalancedRF,High,Medium,0
GoogleCluster,7,BalancedRF,Low,High,1
GoogleCluster,7,BalancedRF,Low,Low,2498
GoogleCluster,7,BalancedRF,Low,Medium,0
GoogleCluster,7,BalancedRF,Medium,High,10
GoogleCluster,7,BalancedRF,Medium,Low,0
GoogleCluster,7,BalancedRF,Medium,Medium,4871
GoogleCluster,7,MLP,High,High,4610
GoogleCluster,7,MLP,High,Low,6
GoogleCluster,7,MLP,High,Medium,4
GoogleCluster,7,MLP,Low,High,5
GoogleCluster,7,MLP,Low,Low,2494
GoogleCluster,7,MLP,Low,Medium,0
GoogleCluster,7,MLP,Medium,High,16
GoogleCluster,7,MLP,Medium,Low,1
GoogleCluster,7,MLP,Medium,Medium,4864
GoogleCluster,7,LogReg,High,High,4180
GoogleCluster,7,LogReg,High,Low,427
GoogleCluster,7,LogReg,High,Medium,13
GoogleCluster,7,LogReg,Low,High,135
GoogleCluster,7,LogReg,Low,Low,2351
GoogleCluster,7,LogReg,Low,Medium,13
GoogleCluster,7,LogReg,Medium,High,304
GoogleCluster,7,LogReg,Medium,Low,126
GoogleCluster,7,LogReg,Medium,Medium,4451
GoogleCluster,7,NaiveBayes,High,High,3835
GoogleCluster,7,NaiveBayes,High,Low,686
GoogleCluster,7,NaiveBayes,High,Medium,99
GoogleCluster,7,NaiveBayes,Low,High,179
GoogleCluster,7,NaiveBayes,Low,Low,2289
GoogleCluster,7,NaiveBayes,Low,Medium,31
GoogleCluster,7,NaiveBayes,Medium,High,134
GoogleCluster,7,NaiveBayes,Medium,Low,430
GoogleCluster,7,NaiveBayes,Medium,Medium,4317
GoogleCluster,13,KATS,High,High,4616
GoogleCluster,13,KATS,High,Low,3
GoogleCluster,13,KATS,High,Medium,1
GoogleCluster,13,KATS,Low,High,3
GoogleCluster,13,KATS,Low,Low,2496
GoogleCluster,13,KATS,Low,Medium,0
GoogleCluster,13,KATS,Medium,High,2
GoogleCluster,13,KATS,Medium,Low,0
GoogleCluster,13,KATS,Medium,Medium,4879
GoogleCluster,13,LightGBM,High,High,4613
GoogleCluster,13,LightGBM,High,Low,3
GoogleCluster,13,LightGBM,High,Medium,4
GoogleCluster,13,LightGBM,Low,High,2
GoogleCluster,13,LightGBM,Low,Low,2496
GoogleCluster,13,LightGBM,Low,Medium,1
GoogleCluster,13,LightGBM,Medium,High,3
GoogleCluster,13,LightGBM,Medium,Low,0
GoogleCluster,13,LightGBM,Medium,Medium,4878
GoogleCluster,13,XGBoost,High,High,4613
GoogleCluster,13,XGBoost,High,Low,4
GoogleCluster,13,XGBoost,High,Medium,3
GoogleCluster,13,XGBoost,Low,High,0
GoogleCluster,13,XGBoost,Low,Low,2497
GoogleCluster,13,XGBoost,Low,Medium,2
GoogleCluster,13,XGBoost,Medium,High,6
GoogleCluster,13,XGBoost,Medium,Low,0
GoogleCluster,13,XGBoost,Medium,Medium,4875
GoogleCluster,13,RandomForest,High,High,4617
GoogleCluster,13,RandomForest,High,Low,3
GoogleCluster,13,RandomForest,High,Medium,0
GoogleCluster,13,RandomForest,Low,High,2
GoogleCluster,13,RandomForest,Low,Low,2497
GoogleCluster,13,RandomForest,Low,Medium,0
GoogleCluster,13,RandomForest,Medium,High,2
GoogleCluster,13,RandomForest,Medium,Low,0
GoogleCluster,13,RandomForest,Medium,Medium,4879
GoogleCluster,13,BalancedRF,High,High,4616
GoogleCluster,13,BalancedRF,High,Low,4
GoogleCluster,13,BalancedRF,High,Medium,0
GoogleCluster,13,BalancedRF,Low,High,2
GoogleCluster,13,BalancedRF,Low,Low,2497
GoogleCluster,13,BalancedRF,Low,Medium,0
GoogleCluster,13,BalancedRF,Medium,High,5
GoogleCluster,13,BalancedRF,Medium,Low,0
GoogleCluster,13,BalancedRF,Medium,Medium,4876
GoogleCluster,13,MLP,High,High,4598
GoogleCluster,13,MLP,High,Low,9
GoogleCluster,13,MLP,High,Medium,13
GoogleCluster,13,MLP,Low,High,25
GoogleCluster,13,MLP,Low,Low,2471
GoogleCluster,13,MLP,Low,Medium,3
GoogleCluster,13,MLP,Medium,High,11
GoogleCluster,13,MLP,Medium,Low,2
GoogleCluster,13,MLP,Medium,Medium,4868
GoogleCluster,13,LogReg,High,High,4265
GoogleCluster,13,LogReg,High,Low,348
GoogleCluster,13,LogReg,High,Medium,7
GoogleCluster,13,LogReg,Low,High,151
GoogleCluster,13,LogReg,Low,Low,2341
GoogleCluster,13,LogReg,Low,Medium,7
GoogleCluster,13,LogReg,Medium,High,314
GoogleCluster,13,LogReg,Medium,Low,92
GoogleCluster,13,LogReg,Medium,Medium,4475
GoogleCluster,13,NaiveBayes,High,High,3871
GoogleCluster,13,NaiveBayes,High,Low,670
GoogleCluster,13,NaiveBayes,High,Medium,79
GoogleCluster,13,NaiveBayes,Low,High,255
GoogleCluster,13,NaiveBayes,Low,Low,2220
GoogleCluster,13,NaiveBayes,Low,Medium,24
GoogleCluster,13,NaiveBayes,Medium,High,139
GoogleCluster,13,NaiveBayes,Medium,Low,386
GoogleCluster,13,NaiveBayes,Medium,Medium,4356
GoogleCluster,99,KATS,High,High,4616
GoogleCluster,99,KATS,High,Low,2
GoogleCluster,99,KATS,High,Medium,2
GoogleCluster,99,KATS,Low,High,2
GoogleCluster,99,KATS,Low,Low,2497
GoogleCluster,99,KATS,Low,Medium,0
GoogleCluster,99,KATS,Medium,High,4
GoogleCluster,99,KATS,Medium,Low,0
GoogleCluster,99,KATS,Medium,Medium,4877
GoogleCluster,99,LightGBM,High,High,4617
GoogleCluster,99,LightGBM,High,Low,1
GoogleCluster,99,LightGBM,High,Medium,2
GoogleCluster,99,LightGBM,Low,High,2
GoogleCluster,99,LightGBM,Low,Low,2497
GoogleCluster,99,LightGBM,Low,Medium,0
GoogleCluster,99,LightGBM,Medium,High,4
GoogleCluster,99,LightGBM,Medium,Low,0
GoogleCluster,99,LightGBM,Medium,Medium,4877
GoogleCluster,99,XGBoost,High,High,4615
GoogleCluster,99,XGBoost,High,Low,2
GoogleCluster,99,XGBoost,High,Medium,3
GoogleCluster,99,XGBoost,Low,High,2
GoogleCluster,99,XGBoost,Low,Low,2497
GoogleCluster,99,XGBoost,Low,Medium,0
GoogleCluster,99,XGBoost,Medium,High,5
GoogleCluster,99,XGBoost,Medium,Low,0
GoogleCluster,99,XGBoost,Medium,Medium,4876
GoogleCluster,99,RandomForest,High,High,4617
GoogleCluster,99,RandomForest,High,Low,1
GoogleCluster,99,RandomForest,High,Medium,2
GoogleCluster,99,RandomForest,Low,High,1
GoogleCluster,99,RandomForest,Low,Low,2498
GoogleCluster,99,RandomForest,Low,Medium,0
GoogleCluster,99,RandomForest,Medium,High,4
GoogleCluster,99,RandomForest,Medium,Low,0
GoogleCluster,99,RandomForest,Medium,Medium,4877
GoogleCluster,99,BalancedRF,High,High,4617
GoogleCluster,99,BalancedRF,High,Low,2
GoogleCluster,99,BalancedRF,High,Medium,1
GoogleCluster,99,BalancedRF,Low,High,1
GoogleCluster,99,BalancedRF,Low,Low,2498
GoogleCluster,99,BalancedRF,Low,Medium,0
GoogleCluster,99,BalancedRF,Medium,High,5
GoogleCluster,99,BalancedRF,Medium,Low,0
GoogleCluster,99,BalancedRF,Medium,Medium,4876
GoogleCluster,99,MLP,High,High,4592
GoogleCluster,99,MLP,High,Low,13
GoogleCluster,99,MLP,High,Medium,15
GoogleCluster,99,MLP,Low,High,3
GoogleCluster,99,MLP,Low,Low,2495
GoogleCluster,99,MLP,Low,Medium,1
GoogleCluster,99,MLP,Medium,High,10
GoogleCluster,99,MLP,Medium,Low,1
GoogleCluster,99,MLP,Medium,Medium,4870
GoogleCluster,99,LogReg,High,High,4193
GoogleCluster,99,LogReg,High,Low,414
GoogleCluster,99,LogReg,High,Medium,13
GoogleCluster,99,LogReg,Low,High,124
GoogleCluster,99,LogReg,Low,Low,2365
GoogleCluster,99,LogReg,Low,Medium,10
GoogleCluster,99,LogReg,Medium,High,264
GoogleCluster,99,LogReg,Medium,Low,106
GoogleCluster,99,LogReg,Medium,Medium,4511
GoogleCluster,99,NaiveBayes,High,High,3860
GoogleCluster,99,NaiveBayes,High,Low,676
GoogleCluster,99,NaiveBayes,High,Medium,84
GoogleCluster,99,NaiveBayes,Low,High,149
GoogleCluster,99,NaiveBayes,Low,Low,2330
GoogleCluster,99,NaiveBayes,Low,Medium,20
GoogleCluster,99,NaiveBayes,Medium,High,115
GoogleCluster,99,NaiveBayes,Medium,Low,356
GoogleCluster,99,NaiveBayes,Medium,Medium,4410
GoogleCluster,2026,KATS,High,High,4619
GoogleCluster,2026,KATS,High,Low,0
GoogleCluster,2026,KATS,High,Medium,1
GoogleCluster,2026,KATS,Low,High,2
GoogleCluster,2026,KATS,Low,Low,2497
GoogleCluster,2026,KATS,Low,Medium,0
GoogleCluster,2026,KATS,Medium,High,3
GoogleCluster,2026,KATS,Medium,Low,0
GoogleCluster,2026,KATS,Medium,Medium,4878
GoogleCluster,2026,LightGBM,High,High,4617
GoogleCluster,2026,LightGBM,High,Low,0
GoogleCluster,2026,LightGBM,High,Medium,3
GoogleCluster,2026,LightGBM,Low,High,2
GoogleCluster,2026,LightGBM,Low,Low,2497
GoogleCluster,2026,LightGBM,Low,Medium,0
GoogleCluster,2026,LightGBM,Medium,High,3
GoogleCluster,2026,LightGBM,Medium,Low,0
GoogleCluster,2026,LightGBM,Medium,Medium,4878
GoogleCluster,2026,XGBoost,High,High,4616
GoogleCluster,2026,XGBoost,High,Low,2
GoogleCluster,2026,XGBoost,High,Medium,2
GoogleCluster,2026,XGBoost,Low,High,1
GoogleCluster,2026,XGBoost,Low,Low,2497
GoogleCluster,2026,XGBoost,Low,Medium,1
GoogleCluster,2026,XGBoost,Medium,High,5
GoogleCluster,2026,XGBoost,Medium,Low,0
GoogleCluster,2026,XGBoost,Medium,Medium,4876
GoogleCluster,2026,RandomForest,High,High,4618
GoogleCluster,2026,RandomForest,High,Low,1
GoogleCluster,2026,RandomForest,High,Medium,1
GoogleCluster,2026,RandomForest,Low,High,2
GoogleCluster,2026,RandomForest,Low,Low,2497
GoogleCluster,2026,RandomForest,Low,Medium,0
GoogleCluster,2026,RandomForest,Medium,High,3
GoogleCluster,2026,RandomForest,Medium,Low,0
GoogleCluster,2026,RandomForest,Medium,Medium,4878
GoogleCluster,2026,BalancedRF,High,High,4616
GoogleCluster,2026,BalancedRF,High,Low,2
GoogleCluster,2026,BalancedRF,High,Medium,2
GoogleCluster,2026,BalancedRF,Low,High,2
GoogleCluster,2026,BalancedRF,Low,Low,2497
GoogleCluster,2026,BalancedRF,Low,Medium,0
GoogleCluster,2026,BalancedRF,Medium,High,3
GoogleCluster,2026,BalancedRF,Medium,Low,0
GoogleCluster,2026,BalancedRF,Medium,Medium,4878
GoogleCluster,2026,MLP,High,High,4589
GoogleCluster,2026,MLP,High,Low,16
GoogleCluster,2026,MLP,High,Medium,15
GoogleCluster,2026,MLP,Low,High,5
GoogleCluster,2026,MLP,Low,Low,2491
GoogleCluster,2026,MLP,Low,Medium,3
GoogleCluster,2026,MLP,Medium,High,13
GoogleCluster,2026,MLP,Medium,Low,4
GoogleCluster,2026,MLP,Medium,Medium,4864
GoogleCluster,2026,LogReg,High,High,4228
GoogleCluster,2026,LogReg,High,Low,381
GoogleCluster,2026,LogReg,High,Medium,11
GoogleCluster,2026,LogReg,Low,High,157
GoogleCluster,2026,LogReg,Low,Low,2331
GoogleCluster,2026,LogReg,Low,Medium,11
GoogleCluster,2026,LogReg,Medium,High,298
GoogleCluster,2026,LogReg,Medium,Low,114
GoogleCluster,2026,LogReg,Medium,Medium,4469
GoogleCluster,2026,NaiveBayes,High,High,3869
GoogleCluster,2026,NaiveBayes,High,Low,634
GoogleCluster,2026,NaiveBayes,High,Medium,117
GoogleCluster,2026,NaiveBayes,Low,High,251
GoogleCluster,2026,NaiveBayes,Low,Low,2214
GoogleCluster,2026,NaiveBayes,Low,Medium,34
GoogleCluster,2026,NaiveBayes,Medium,High,130
GoogleCluster,2026,NaiveBayes,Medium,Low,391
GoogleCluster,2026,NaiveBayes,Medium,Medium,4360
ITIncident,42,KATS,High,High,128
ITIncident,42,KATS,High,Low,4
ITIncident,42,KATS,High,Medium,4
ITIncident,42,KATS,Low,High,69
ITIncident,42,KATS,Low,Low,58
ITIncident,42,KATS,Low,Medium,28
ITIncident,42,KATS,Medium,High,2686
ITIncident,42,KATS,Medium,Low,579
ITIncident,42,KATS,Medium,Medium,1428
ITIncident,42,LightGBM,High,High,98
ITIncident,42,LightGBM,High,Low,6
ITIncident,42,LightGBM,High,Medium,32
ITIncident,42,LightGBM,Low,High,26
ITIncident,42,LightGBM,Low,Low,79
ITIncident,42,LightGBM,Low,Medium,50
ITIncident,42,LightGBM,Medium,High,996
ITIncident,42,LightGBM,Medium,Low,725
ITIncident,42,LightGBM,Medium,Medium,2972
ITIncident,42,XGBoost,High,High,16
ITIncident,42,XGBoost,High,Low,0
ITIncident,42,XGBoost,High,Medium,120
ITIncident,42,XGBoost,Low,High,0
ITIncident,42,XGBoost,Low,Low,23
ITIncident,42,XGBoost,Low,Medium,132
ITIncident,42,XGBoost,Medium,High,3
ITIncident,42,XGBoost,Medium,Low,3
ITIncident,42,XGBoost,Medium,Medium,4687
ITIncident,42,RandomForest,High,High,25
ITIncident,42,RandomForest,High,Low,0
ITIncident,42,RandomForest,High,Medium,111
ITIncident,42,RandomForest,Low,High,2
ITIncident,42,RandomForest,Low,Low,45
ITIncident,42,RandomForest,Low,Medium,108
ITIncident,42,RandomForest,Medium,High,28
ITIncident,42,RandomForest,Medium,Low,289
ITIncident,42,RandomForest,Medium,Medium,4376
ITIncident,42,BalancedRF,High,High,84
ITIncident,42,BalancedRF,High,Low,16
ITIncident,42,BalancedRF,High,Medium,36
ITIncident,42,BalancedRF,Low,High,14
ITIncident,42,BalancedRF,Low,Low,85
ITIncident,42,BalancedRF,Low,Medium,56
ITIncident,42,BalancedRF,Medium,High,688
ITIncident,42,BalancedRF,Medium,Low,805
ITIncident,42,BalancedRF,Medium,Medium,3200
ITIncident,42,MLP,High,High,0
ITIncident,42,MLP,High,Low,0
ITIncident,42,MLP,High,Medium,136
ITIncident,42,MLP,Low,High,0
ITIncident,42,MLP,Low,Low,0
ITIncident,42,MLP,Low,Medium,155
ITIncident,42,MLP,Medium,High,0
ITIncident,42,MLP,Medium,Low,0
ITIncident,42,MLP,Medium,Medium,4693
ITIncident,42,LogReg,High,High,56
ITIncident,42,LogReg,High,Low,38
ITIncident,42,LogReg,High,Medium,42
ITIncident,42,LogReg,Low,High,25
ITIncident,42,LogReg,Low,Low,91
ITIncident,42,LogReg,Low,Medium,39
ITIncident,42,LogReg,Medium,High,1263
ITIncident,42,LogReg,Medium,Low,1672
ITIncident,42,LogReg,Medium,Medium,1758
ITIncident,42,NaiveBayes,High,High,0
ITIncident,42,NaiveBayes,High,Low,0
ITIncident,42,NaiveBayes,High,Medium,136
ITIncident,42,NaiveBayes,Low,High,0
ITIncident,42,NaiveBayes,Low,Low,0
ITIncident,42,NaiveBayes,Low,Medium,155
ITIncident,42,NaiveBayes,Medium,High,0
ITIncident,42,NaiveBayes,Medium,Low,0
ITIncident,42,NaiveBayes,Medium,Medium,4693
ITIncident,7,KATS,High,High,123
ITIncident,7,KATS,High,Low,6
ITIncident,7,KATS,High,Medium,7
ITIncident,7,KATS,Low,High,61
ITIncident,7,KATS,Low,Low,60
ITIncident,7,KATS,Low,Medium,34
ITIncident,7,KATS,Medium,High,2672
ITIncident,7,KATS,Medium,Low,637
ITIncident,7,KATS,Medium,Medium,1384
ITIncident,7,LightGBM,High,High,96
ITIncident,7,LightGBM,High,Low,11
ITIncident,7,LightGBM,High,Medium,29
ITIncident,7,LightGBM,Low,High,26
ITIncident,7,LightGBM,Low,Low,70
ITIncident,7,LightGBM,Low,Medium,59
ITIncident,7,LightGBM,Medium,High,866
ITIncident,7,LightGBM,Medium,Low,707
ITIncident,7,LightGBM,Medium,Medium,3120
ITIncident,7,XGBoost,High,High,12
ITIncident,7,XGBoost,High,Low,0
ITIncident,7,XGBoost,High,Medium,124
ITIncident,7,XGBoost,Low,High,1
ITIncident,7,XGBoost,Low,Low,21
ITIncident,7,XGBoost,Low,Medium,133
ITIncident,7,XGBoost,Medium,High,9
ITIncident,7,XGBoost,Medium,Low,10
ITIncident,7,XGBoost,Medium,Medium,4674
ITIncident,7,RandomForest,High,High,20
ITIncident,7,RandomForest,High,Low,2
ITIncident,7,RandomForest,High,Medium,114
ITIncident,7,RandomForest,Low,High,1
ITIncident,7,RandomForest,Low,Low,43
ITIncident,7,RandomForest,Low,Medium,111
ITIncident,7,RandomForest,Medium,High,35
ITIncident,7,RandomForest,Medium,Low,321
ITIncident,7,RandomForest,Medium,Medium,4337
ITIncident,7,BalancedRF,High,High,80
ITIncident,7,BalancedRF,High,Low,17
ITIncident,7,BalancedRF,High,Medium,39
ITIncident,7,BalancedRF,Low,High,13
ITIncident,7,BalancedRF,Low,Low,84
ITIncident,7,BalancedRF,Low,Medium,58
ITIncident,7,BalancedRF,Medium,High,621
ITIncident,7,BalancedRF,Medium,Low,917
ITIncident,7,BalancedRF,Medium,Medium,3155
ITIncident,7,MLP,High,High,0
ITIncident,7,MLP,High,Low,0
ITIncident,7,MLP,High,Medium,136
ITIncident,7,MLP,Low,High,0
ITIncident,7,MLP,Low,Low,0
ITIncident,7,MLP,Low,Medium,155
ITIncident,7,MLP,Medium,High,0
ITIncident,7,MLP,Medium,Low,0
ITIncident,7,MLP,Medium,Medium,4693
ITIncident,7,LogReg,High,High,60
ITIncident,7,LogReg,High,Low,36
ITIncident,7,LogReg,High,Medium,40
ITIncident,7,LogReg,Low,High,24
ITIncident,7,LogReg,Low,Low,76
ITIncident,7,LogReg,Low,Medium,55
ITIncident,7,LogReg,Medium,High,1240
ITIncident,7,LogReg,Medium,Low,1431
ITIncident,7,LogReg,Medium,Medium,2022
ITIncident,7,NaiveBayes,High,High,0
ITIncident,7,NaiveBayes,High,Low,0
ITIncident,7,NaiveBayes,High,Medium,136
ITIncident,7,NaiveBayes,Low,High,0
ITIncident,7,NaiveBayes,Low,Low,0
ITIncident,7,NaiveBayes,Low,Medium,155
ITIncident,7,NaiveBayes,Medium,High,0
ITIncident,7,NaiveBayes,Medium,Low,0
ITIncident,7,NaiveBayes,Medium,Medium,4693
ITIncident,13,KATS,High,High,128
ITIncident,13,KATS,High,Low,2
ITIncident,13,KATS,High,Medium,6
ITIncident,13,KATS,Low,High,72
ITIncident,13,KATS,Low,Low,55
ITIncident,13,KATS,Low,Medium,28
ITIncident,13,KATS,Medium,High,2872
ITIncident,13,KATS,Medium,Low,591
ITIncident,13,KATS,Medium,Medium,1230
ITIncident,13,LightGBM,High,High,105
ITIncident,13,LightGBM,High,Low,5
ITIncident,13,LightGBM,High,Medium,26
ITIncident,13,LightGBM,Low,High,25
ITIncident,13,LightGBM,Low,Low,66
ITIncident,13,LightGBM,Low,Medium,64
ITIncident,13,LightGBM,Medium,High,1059
ITIncident,13,LightGBM,Medium,Low,668
ITIncident,13,LightGBM,Medium,Medium,2966
ITIncident,13,XGBoost,High,High,13
ITIncident,13,XGBoost,High,Low,0
ITIncident,13,XGBoost,High,Medium,123
ITIncident,13,XGBoost,Low,High,0
ITIncident,13,XGBoost,Low,Low,18
ITIncident,13,XGBoost,Low,Medium,137
ITIncident,13,XGBoost,Medium,High,6
ITIncident,13,XGBoost,Medium,Low,5
ITIncident,13,XGBoost,Medium,Medium,4682
ITIncident,13,RandomForest,High,High,19
ITIncident,13,RandomForest,High,Low,0
ITIncident,13,RandomForest,High,Medium,117
ITIncident,13,RandomForest,Low,High,0
ITIncident,13,RandomForest,Low,Low,42
ITIncident,13,RandomForest,Low,Medium,113
ITIncident,13,RandomForest,Medium,High,42
ITIncident,13,RandomForest,Medium,Low,304
ITIncident,13,RandomForest,Medium,Medium,4347
ITIncident,13,BalancedRF,High,High,88
ITIncident,13,BalancedRF,High,Low,10
ITIncident,13,BalancedRF,High,Medium,38
ITIncident,13,BalancedRF,Low,High,15
ITIncident,13,BalancedRF,Low,Low,74
ITIncident,13,BalancedRF,Low,Medium,66
ITIncident,13,BalancedRF,Medium,High,713
ITIncident,13,BalancedRF,Medium,Low,812
ITIncident,13,BalancedRF,Medium,Medium,3168
ITIncident,13,MLP,High,High,0
ITIncident,13,MLP,High,Low,0
ITIncident,13,MLP,High,Medium,136
ITIncident,13,MLP,Low,High,0
ITIncident,13,MLP,Low,Low,0
ITIncident,13,MLP,Low,Medium,155
ITIncident,13,MLP,Medium,High,0
ITIncident,13,MLP,Medium,Low,0
ITIncident,13,MLP,Medium,Medium,4693
ITIncident,13,LogReg,High,High,59
ITIncident,13,LogReg,High,Low,33
ITIncident,13,LogReg,High,Medium,44
ITIncident,13,LogReg,Low,High,26
ITIncident,13,LogReg,Low,Low,76
ITIncident,13,LogReg,Low,Medium,53
ITIncident,13,LogReg,Medium,High,1173
ITIncident,13,LogReg,Medium,Low,1455
ITIncident,13,LogReg,Medium,Medium,2065
ITIncident,13,NaiveBayes,High,High,0
ITIncident,13,NaiveBayes,High,Low,0
ITIncident,13,NaiveBayes,High,Medium,136
ITIncident,13,NaiveBayes,Low,High,0
ITIncident,13,NaiveBayes,Low,Low,0
ITIncident,13,NaiveBayes,Low,Medium,155
ITIncident,13,NaiveBayes,Medium,High,0
ITIncident,13,NaiveBayes,Medium,Low,0
ITIncident,13,NaiveBayes,Medium,Medium,4693
ITIncident,99,KATS,High,High,132
ITIncident,99,KATS,High,Low,3
ITIncident,99,KATS,High,Medium,1
ITIncident,99,KATS,Low,High,76
ITIncident,99,KATS,Low,Low,51
ITIncident,99,KATS,Low,Medium,28
ITIncident,99,KATS,Medium,High,2787
ITIncident,99,KATS,Medium,Low,563
ITIncident,99,KATS,Medium,Medium,1343
ITIncident,99,LightGBM,High,High,103
ITIncident,99,LightGBM,High,Low,10
ITIncident,99,LightGBM,High,Medium,23
ITIncident,99,LightGBM,Low,High,33
ITIncident,99,LightGBM,Low,Low,65
ITIncident,99,LightGBM,Low,Medium,57
ITIncident,99,LightGBM,Medium,High,1032
ITIncident,99,LightGBM,Medium,Low,739
ITIncident,99,LightGBM,Medium,Medium,2922
ITIncident,99,XGBoost,High,High,12
ITIncident,99,XGBoost,High,Low,0
ITIncident,99,XGBoost,High,Medium,124
ITIncident,99,XGBoost,Low,High,0
ITIncident,99,XGBoost,Low,Low,14
ITIncident,99,XGBoost,Low,Medium,141
ITIncident,99,XGBoost,Medium,High,13
ITIncident,99,XGBoost,Medium,Low,3
ITIncident,99,XGBoost,Medium,Medium,4677
ITIncident,99,RandomForest,High,High,19
ITIncident,99,RandomForest,High,Low,1
ITIncident,99,RandomForest,High,Medium,116
ITIncident,99,RandomForest,Low,High,0
ITIncident,99,RandomForest,Low,Low,35
ITIncident,99,RandomForest,Low,Medium,120
ITIncident,99,RandomForest,Medium,High,50
ITIncident,99,RandomForest,Medium,Low,322
ITIncident,99,RandomForest,Medium,Medium,4321
ITIncident,99,BalancedRF,High,High,91
ITIncident,99,BalancedRF,High,Low,19
ITIncident,99,BalancedRF,High,Medium,26
ITIncident,99,BalancedRF,Low,High,18
ITIncident,99,BalancedRF,Low,Low,71
ITIncident,99,BalancedRF,Low,Medium,66
ITIncident,99,BalancedRF,Medium,High,732
ITIncident,99,BalancedRF,Medium,Low,878
ITIncident,99,BalancedRF,Medium,Medium,3083
ITIncident,99,MLP,High,High,0
ITIncident,99,MLP,High,Low,0
ITIncident,99,MLP,High,Medium,136
ITIncident,99,MLP,Low,High,0
ITIncident,99,MLP,Low,Low,2
ITIncident,99,MLP,Low,Medium,153
ITIncident,99,MLP,Medium,High,0
ITIncident,99,MLP,Medium,Low,0
ITIncident,99,MLP,Medium,Medium,4693
ITIncident,99,LogReg,High,High,67
ITIncident,99,LogReg,High,Low,37
ITIncident,99,LogReg,High,Medium,32
ITIncident,99,LogReg,Low,High,32
ITIncident,99,LogReg,Low,Low,85
ITIncident,99,LogReg,Low,Medium,38
ITIncident,99,LogReg,Medium,High,1345
ITIncident,99,LogReg,Medium,Low,1434
ITIncident,99,LogReg,Medium,Medium,1914
ITIncident,99,NaiveBayes,High,High,0
ITIncident,99,NaiveBayes,High,Low,0
ITIncident,99,NaiveBayes,High,Medium,136
ITIncident,99,NaiveBayes,Low,High,0
ITIncident,99,NaiveBayes,Low,Low,0
ITIncident,99,NaiveBayes,Low,Medium,155
ITIncident,99,NaiveBayes,Medium,High,0
ITIncident,99,NaiveBayes,Medium,Low,0
ITIncident,99,NaiveBayes,Medium,Medium,4693
ITIncident,2026,KATS,High,High,130
ITIncident,2026,KATS,High,Low,4
ITIncident,2026,KATS,High,Medium,2
ITIncident,2026,KATS,Low,High,76
ITIncident,2026,KATS,Low,Low,61
ITIncident,2026,KATS,Low,Medium,18
ITIncident,2026,KATS,Medium,High,2941
ITIncident,2026,KATS,Medium,Low,582
ITIncident,2026,KATS,Medium,Medium,1170
ITIncident,2026,LightGBM,High,High,93
ITIncident,2026,LightGBM,High,Low,15
ITIncident,2026,LightGBM,High,Medium,28
ITIncident,2026,LightGBM,Low,High,26
ITIncident,2026,LightGBM,Low,Low,75
ITIncident,2026,LightGBM,Low,Medium,54
ITIncident,2026,LightGBM,Medium,High,1025
ITIncident,2026,LightGBM,Medium,Low,736
ITIncident,2026,LightGBM,Medium,Medium,2932
ITIncident,2026,XGBoost,High,High,13
ITIncident,2026,XGBoost,High,Low,0
ITIncident,2026,XGBoost,High,Medium,123
ITIncident,2026,XGBoost,Low,High,0
ITIncident,2026,XGBoost,Low,Low,16
ITIncident,2026,XGBoost,Low,Medium,139
ITIncident,2026,XGBoost,Medium,High,5
ITIncident,2026,XGBoost,Medium,Low,2
ITIncident,2026,XGBoost,Medium,Medium,4686
ITIncident,2026,RandomForest,High,High,20
ITIncident,2026,RandomForest,High,Low,2
ITIncident,2026,RandomForest,High,Medium,114
ITIncident,2026,RandomForest,Low,High,0
ITIncident,2026,RandomForest,Low,Low,43
ITIncident,2026,RandomForest,Low,Medium,112
ITIncident,2026,RandomForest,Medium,High,28
ITIncident,2026,RandomForest,Medium,Low,378
ITIncident,2026,RandomForest,Medium,Medium,4287
ITIncident,2026,BalancedRF,High,High,86
ITIncident,2026,BalancedRF,High,Low,19
ITIncident,2026,BalancedRF,High,Medium,31
ITIncident,2026,BalancedRF,Low,High,20
ITIncident,2026,BalancedRF,Low,Low,81
ITIncident,2026,BalancedRF,Low,Medium,54
ITIncident,2026,BalancedRF,Medium,High,695
ITIncident,2026,BalancedRF,Medium,Low,904
ITIncident,2026,BalancedRF,Medium,Medium,3094
ITIncident,2026,MLP,High,High,0
ITIncident,2026,MLP,High,Low,0
ITIncident,2026,MLP,High,Medium,136
ITIncident,2026,MLP,Low,High,0
ITIncident,2026,MLP,Low,Low,0
ITIncident,2026,MLP,Low,Medium,155
ITIncident,2026,MLP,Medium,High,0
ITIncident,2026,MLP,Medium,Low,0
ITIncident,2026,MLP,Medium,Medium,4693
ITIncident,2026,LogReg,High,High,71
ITIncident,2026,LogReg,High,Low,42
ITIncident,2026,LogReg,High,Medium,23
ITIncident,2026,LogReg,Low,High,23
ITIncident,2026,LogReg,Low,Low,94
ITIncident,2026,LogReg,Low,Medium,38
ITIncident,2026,LogReg,Medium,High,1345
ITIncident,2026,LogReg,Medium,Low,1804
ITIncident,2026,LogReg,Medium,Medium,1544
ITIncident,2026,NaiveBayes,High,High,0
ITIncident,2026,NaiveBayes,High,Low,0
ITIncident,2026,NaiveBayes,High,Medium,136
ITIncident,2026,NaiveBayes,Low,High,0
ITIncident,2026,NaiveBayes,Low,Low,0
ITIncident,2026,NaiveBayes,Low,Medium,155
ITIncident,2026,NaiveBayes,Medium,High,0
ITIncident,2026,NaiveBayes,Medium,Low,0
ITIncident,2026,NaiveBayes,Medium,Medium,4693
MultiCloud,42,KATS,High,High,22
MultiCloud,42,KATS,High,Low,19
MultiCloud,42,KATS,High,Medium,26
MultiCloud,42,KATS,Low,High,25
MultiCloud,42,KATS,Low,Low,21
MultiCloud,42,KATS,Low,Medium,21
MultiCloud,42,KATS,Medium,High,23
MultiCloud,42,KATS,Medium,Low,15
MultiCloud,42,KATS,Medium,Medium,28
MultiCloud,42,LightGBM,High,High,21
MultiCloud,42,LightGBM,High,Low,18
MultiCloud,42,LightGBM,High,Medium,28
MultiCloud,42,LightGBM,Low,High,28
MultiCloud,42,LightGBM,Low,Low,20
MultiCloud,42,LightGBM,Low,Medium,19
MultiCloud,42,LightGBM,Medium,High,26
MultiCloud,42,LightGBM,Medium,Low,26
MultiCloud,42,LightGBM,Medium,Medium,14
MultiCloud,42,XGBoost,High,High,21
MultiCloud,42,XGBoost,High,Low,20
MultiCloud,42,XGBoost,High,Medium,26
MultiCloud,42,XGBoost,Low,High,31
MultiCloud,42,XGBoost,Low,Low,19
MultiCloud,42,XGBoost,Low,Medium,17
MultiCloud,42,XGBoost,Medium,High,25
MultiCloud,42,XGBoost,Medium,Low,25
MultiCloud,42,XGBoost,Medium,Medium,16
MultiCloud,42,RandomForest,High,High,19
MultiCloud,42,RandomForest,High,Low,19
MultiCloud,42,RandomForest,High,Medium,29
MultiCloud,42,RandomForest,Low,High,30
MultiCloud,42,RandomForest,Low,Low,15
MultiCloud,42,RandomForest,Low,Medium,22
MultiCloud,42,RandomForest,Medium,High,23
MultiCloud,42,RandomForest,Medium,Low,21
MultiCloud,42,RandomForest,Medium,Medium,22
MultiCloud,42,BalancedRF,High,High,23
MultiCloud,42,BalancedRF,High,Low,20
MultiCloud,42,BalancedRF,High,Medium,24
MultiCloud,42,BalancedRF,Low,High,28
MultiCloud,42,BalancedRF,Low,Low,17
MultiCloud,42,BalancedRF,Low,Medium,22
MultiCloud,42,BalancedRF,Medium,High,24
MultiCloud,42,BalancedRF,Medium,Low,21
MultiCloud,42,BalancedRF,Medium,Medium,21
MultiCloud,42,MLP,High,High,24
MultiCloud,42,MLP,High,Low,18
MultiCloud,42,MLP,High,Medium,25
MultiCloud,42,MLP,Low,High,32
MultiCloud,42,MLP,Low,Low,16
MultiCloud,42,MLP,Low,Medium,19
MultiCloud,42,MLP,Medium,High,33
MultiCloud,42,MLP,Medium,Low,17
MultiCloud,42,MLP,Medium,Medium,16
MultiCloud,42,LogReg,High,High,26
MultiCloud,42,LogReg,High,Low,21
MultiCloud,42,LogReg,High,Medium,20
MultiCloud,42,LogReg,Low,High,26
MultiCloud,42,LogReg,Low,Low,22
MultiCloud,42,LogReg,Low,Medium,19
MultiCloud,42,LogReg,Medium,High,29
MultiCloud,42,LogReg,Medium,Low,19
MultiCloud,42,LogReg,Medium,Medium,18
MultiCloud,42,NaiveBayes,High,High,36
MultiCloud,42,NaiveBayes,High,Low,14
MultiCloud,42,NaiveBayes,High,Medium,17
MultiCloud,42,NaiveBayes,Low,High,36
MultiCloud,42,NaiveBayes,Low,Low,13
MultiCloud,42,NaiveBayes,Low,Medium,18
MultiCloud,42,NaiveBayes,Medium,High,35
MultiCloud,42,NaiveBayes,Medium,Low,13
MultiCloud,42,NaiveBayes,Medium,Medium,18
MultiCloud,7,KATS,High,High,22
MultiCloud,7,KATS,High,Low,18
MultiCloud,7,KATS,High,Medium,26
MultiCloud,7,KATS,Low,High,18
MultiCloud,7,KATS,Low,Low,25
MultiCloud,7,KATS,Low,Medium,24
MultiCloud,7,KATS,Medium,High,21
MultiCloud,7,KATS,Medium,Low,20
MultiCloud,7,KATS,Medium,Medium,26
MultiCloud,7,LightGBM,High,High,19
MultiCloud,7,LightGBM,High,Low,23
MultiCloud,7,LightGBM,High,Medium,24
MultiCloud,7,LightGBM,Low,High,30
MultiCloud,7,LightGBM,Low,Low,20
MultiCloud,7,LightGBM,Low,Medium,17
MultiCloud,7,LightGBM,Medium,High,25
MultiCloud,7,LightGBM,Medium,Low,19
MultiCloud,7,LightGBM,Medium,Medium,23
MultiCloud,7,XGBoost,High,High,22
MultiCloud,7,XGBoost,High,Low,20
MultiCloud,7,XGBoost,High,Medium,24
MultiCloud,7,XGBoost,Low,High,26
MultiCloud,7,XGBoost,Low,Low,24
MultiCloud,7,XGBoost,Low,Medium,17
MultiCloud,7,XGBoost,Medium,High,24
MultiCloud,7,XGBoost,Medium,Low,20
MultiCloud,7,XGBoost,Medium,Medium,23
MultiCloud,7,RandomForest,High,High,23
MultiCloud,7,RandomForest,High,Low,21
MultiCloud,7,RandomForest,High,Medium,22
MultiCloud,7,RandomForest,Low,High,24
MultiCloud,7,RandomForest,Low,Low,23
MultiCloud,7,RandomForest,Low,Medium,20
MultiCloud,7,RandomForest,Medium,High,19
MultiCloud,7,RandomForest,Medium,Low,23
MultiCloud,7,RandomForest,Medium,Medium,25
MultiCloud,7,BalancedRF,High,High,21
MultiCloud,7,BalancedRF,High,Low,18
MultiCloud,7,BalancedRF,High,Medium,27
MultiCloud,7,BalancedRF,Low,High,23
MultiCloud,7,BalancedRF,Low,Low,24
MultiCloud,7,BalancedRF,Low,Medium,20
MultiCloud,7,BalancedRF,Medium,High,20
MultiCloud,7,BalancedRF,Medium,Low,24
MultiCloud,7,BalancedRF,Medium,Medium,23
MultiCloud,7,MLP,High,High,20
MultiCloud,7,MLP,High,Low,25
MultiCloud,7,MLP,High,Medium,21
MultiCloud,7,MLP,Low,High,17
MultiCloud,7,MLP,Low,Low,36
MultiCloud,7,MLP,Low,Medium,14
MultiCloud,7,MLP,Medium,High,22
MultiCloud,7,MLP,Medium,Low,23
MultiCloud,7,MLP,Medium,Medium,22
MultiCloud,7,LogReg,High,High,30
MultiCloud,7,LogReg,High,Low,18
MultiCloud,7,LogReg,High,Medium,18
MultiCloud,7,LogReg,Low,High,20
MultiCloud,7,LogReg,Low,Low,30
MultiCloud,7,LogReg,Low,Medium,17
MultiCloud,7,LogReg,Medium,High,28
MultiCloud,7,LogReg,Medium,Low,22
MultiCloud,7,LogReg,Medium,Medium,17
MultiCloud,7,NaiveBayes,High,High,29
MultiCloud,7,NaiveBayes,High,Low,13
MultiCloud,7,NaiveBayes,High,Medium,24
MultiCloud,7,NaiveBayes,Low,High,22
MultiCloud,7,NaiveBayes,Low,Low,23
MultiCloud,7,NaiveBayes,Low,Medium,22
MultiCloud,7,NaiveBayes,Medium,High,25
MultiCloud,7,NaiveBayes,Medium,Low,16
MultiCloud,7,NaiveBayes,Medium,Medium,26
MultiCloud,13,KATS,High,High,33
MultiCloud,13,KATS,High,Low,21
MultiCloud,13,KATS,High,Medium,13
MultiCloud,13,KATS,Low,High,30
MultiCloud,13,KATS,Low,Low,26
MultiCloud,13,KATS,Low,Medium,11
MultiCloud,13,KATS,Medium,High,34
MultiCloud,13,KATS,Medium,Low,21
MultiCloud,13,KATS,Medium,Medium,11
MultiCloud,13,LightGBM,High,High,22
MultiCloud,13,LightGBM,High,Low,21
MultiCloud,13,LightGBM,High,Medium,24
MultiCloud,13,LightGBM,Low,High,22
MultiCloud,13,LightGBM,Low,Low,21
MultiCloud,13,LightGBM,Low,Medium,24
MultiCloud,13,LightGBM,Medium,High,26
MultiCloud,13,LightGBM,Medium,Low,22
MultiCloud,13,LightGBM,Medium,Medium,18
MultiCloud,13,XGBoost,High,High,20
MultiCloud,13,XGBoost,High,Low,27
MultiCloud,13,XGBoost,High,Medium,20
MultiCloud,13,XGBoost,Low,High,22
MultiCloud,13,XGBoost,Low,Low,22
MultiCloud,13,XGBoost,Low,Medium,23
MultiCloud,13,XGBoost,Medium,High,22
MultiCloud,13,XGBoost,Medium,Low,28
MultiCloud,13,XGBoost,Medium,Medium,16
MultiCloud,13,RandomForest,High,High,23
MultiCloud,13,RandomForest,High,Low,17
MultiCloud,13,RandomForest,High,Medium,27
MultiCloud,13,RandomForest,Low,High,18
MultiCloud,13,RandomForest,Low,Low,25
MultiCloud,13,RandomForest,Low,Medium,24
MultiCloud,13,RandomForest,Medium,High,24
MultiCloud,13,RandomForest,Medium,Low,25
MultiCloud,13,RandomForest,Medium,Medium,17
MultiCloud,13,BalancedRF,High,High,23
MultiCloud,13,BalancedRF,High,Low,16
MultiCloud,13,BalancedRF,High,Medium,28
MultiCloud,13,BalancedRF,Low,High,22
MultiCloud,13,BalancedRF,Low,Low,17
MultiCloud,13,BalancedRF,Low,Medium,28
MultiCloud,13,BalancedRF,Medium,High,28
MultiCloud,13,BalancedRF,Medium,Low,22
MultiCloud,13,BalancedRF,Medium,Medium,16
MultiCloud,13,MLP,High,High,42
MultiCloud,13,MLP,High,Low,14
MultiCloud,13,MLP,High,Medium,11
MultiCloud,13,MLP,Low,High,37
MultiCloud,13,MLP,Low,Low,16
MultiCloud,13,MLP,Low,Medium,14
MultiCloud,13,MLP,Medium,High,39
MultiCloud,13,MLP,Medium,Low,10
MultiCloud,13,MLP,Medium,Medium,17
MultiCloud,13,LogReg,High,High,37
MultiCloud,13,LogReg,High,Low,14
MultiCloud,13,LogReg,High,Medium,16
MultiCloud,13,LogReg,Low,High,30
MultiCloud,13,LogReg,Low,Low,21
MultiCloud,13,LogReg,Low,Medium,16
MultiCloud,13,LogReg,Medium,High,35
MultiCloud,13,LogReg,Medium,Low,19
MultiCloud,13,LogReg,Medium,Medium,12
MultiCloud,13,NaiveBayes,High,High,44
MultiCloud,13,NaiveBayes,High,Low,3
MultiCloud,13,NaiveBayes,High,Medium,20
MultiCloud,13,NaiveBayes,Low,High,42
MultiCloud,13,NaiveBayes,Low,Low,7
MultiCloud,13,NaiveBayes,Low,Medium,18
MultiCloud,13,NaiveBayes,Medium,High,46
MultiCloud,13,NaiveBayes,Medium,Low,5
MultiCloud,13,NaiveBayes,Medium,Medium,15
MultiCloud,99,KATS,High,High,35
MultiCloud,99,KATS,High,Low,14
MultiCloud,99,KATS,High,Medium,17
MultiCloud,99,KATS,Low,High,25
MultiCloud,99,KATS,Low,Low,22
MultiCloud,99,KATS,Low,Medium,20
MultiCloud,99,KATS,Medium,High,34
MultiCloud,99,KATS,Medium,Low,13
MultiCloud,99,KATS,Medium,Medium,20
MultiCloud,99,LightGBM,High,High,26
MultiCloud,99,LightGBM,High,Low,17
MultiCloud,99,LightGBM,High,Medium,23
MultiCloud,99,LightGBM,Low,High,27
MultiCloud,99,LightGBM,Low,Low,18
MultiCloud,99,LightGBM,Low,Medium,22
MultiCloud,99,LightGBM,Medium,High,22
MultiCloud,99,LightGBM,Medium,Low,22
MultiCloud,99,LightGBM,Medium,Medium,23
MultiCloud,99,XGBoost,High,High,25
MultiCloud,99,XGBoost,High,Low,16
MultiCloud,99,XGBoost,High,Medium,25
MultiCloud,99,XGBoost,Low,High,26
MultiCloud,99,XGBoost,Low,Low,18
MultiCloud,99,XGBoost,Low,Medium,23
MultiCloud,99,XGBoost,Medium,High,18
MultiCloud,99,XGBoost,Medium,Low,22
MultiCloud,99,XGBoost,Medium,Medium,27
MultiCloud,99,RandomForest,High,High,24
MultiCloud,99,RandomForest,High,Low,11
MultiCloud,99,RandomForest,High,Medium,31
MultiCloud,99,RandomForest,Low,High,30
MultiCloud,99,RandomForest,Low,Low,16
MultiCloud,99,RandomForest,Low,Medium,21
MultiCloud,99,RandomForest,Medium,High,21
MultiCloud,99,RandomForest,Medium,Low,25
MultiCloud,99,RandomForest,Medium,Medium,21
MultiCloud,99,BalancedRF,High,High,19
MultiCloud,99,BalancedRF,High,Low,18
MultiCloud,99,BalancedRF,High,Medium,29
MultiCloud,99,BalancedRF,Low,High,21
MultiCloud,99,BalancedRF,Low,Low,20
MultiCloud,99,BalancedRF,Low,Medium,26
MultiCloud,99,BalancedRF,Medium,High,22
MultiCloud,99,BalancedRF,Medium,Low,28
MultiCloud,99,BalancedRF,Medium,Medium,17
MultiCloud,99,MLP,High,High,8
MultiCloud,99,MLP,High,Low,24
MultiCloud,99,MLP,High,Medium,34
MultiCloud,99,MLP,Low,High,20
MultiCloud,99,MLP,Low,Low,20
MultiCloud,99,MLP,Low,Medium,27
MultiCloud,99,MLP,Medium,High,11
MultiCloud,99,MLP,Medium,Low,29
MultiCloud,99,MLP,Medium,Medium,27
MultiCloud,99,LogReg,High,High,37
MultiCloud,99,LogReg,High,Low,16
MultiCloud,99,LogReg,High,Medium,13
MultiCloud,99,LogReg,Low,High,26
MultiCloud,99,LogReg,Low,Low,21
MultiCloud,99,LogReg,Low,Medium,20
MultiCloud,99,LogReg,Medium,High,32
MultiCloud,99,LogReg,Medium,Low,14
MultiCloud,99,LogReg,Medium,Medium,21
MultiCloud,99,NaiveBayes,High,High,37
MultiCloud,99,NaiveBayes,High,Low,17
MultiCloud,99,NaiveBayes,High,Medium,12
MultiCloud,99,NaiveBayes,Low,High,35
MultiCloud,99,NaiveBayes,Low,Low,26
MultiCloud,99,NaiveBayes,Low,Medium,6
MultiCloud,99,NaiveBayes,Medium,High,38
MultiCloud,99,NaiveBayes,Medium,Low,17
MultiCloud,99,NaiveBayes,Medium,Medium,12
MultiCloud,2026,KATS,High,High,27
MultiCloud,2026,KATS,High,Low,20
MultiCloud,2026,KATS,High,Medium,19
MultiCloud,2026,KATS,Low,High,23
MultiCloud,2026,KATS,Low,Low,24
MultiCloud,2026,KATS,Low,Medium,20
MultiCloud,2026,KATS,Medium,High,26
MultiCloud,2026,KATS,Medium,Low,17
MultiCloud,2026,KATS,Medium,Medium,24
MultiCloud,2026,LightGBM,High,High,23
MultiCloud,2026,LightGBM,High,Low,16
MultiCloud,2026,LightGBM,High,Medium,27
MultiCloud,2026,LightGBM,Low,High,24
MultiCloud,2026,LightGBM,Low,Low,24
MultiCloud,2026,LightGBM,Low,Medium,19
MultiCloud,2026,LightGBM,Medium,High,18
MultiCloud,2026,LightGBM,Medium,Low,29
MultiCloud,2026,LightGBM,Medium,Medium,20
MultiCloud,2026,XGBoost,High,High,21
MultiCloud,2026,XGBoost,High,Low,22
MultiCloud,2026,XGBoost,High,Medium,23
MultiCloud,2026,XGBoost,Low,High,24
MultiCloud,2026,XGBoost,Low,Low,23
MultiCloud,2026,XGBoost,Low,Medium,20
MultiCloud,2026,XGBoost,Medium,High,20
MultiCloud,2026,XGBoost,Medium,Low,25
MultiCloud,2026,XGBoost,Medium,Medium,22
MultiCloud,2026,RandomForest,High,High,25
MultiCloud,2026,RandomForest,High,Low,17
MultiCloud,2026,RandomForest,High,Medium,24
MultiCloud,2026,RandomForest,Low,High,30
MultiCloud,2026,RandomForest,Low,Low,20
MultiCloud,2026,RandomForest,Low,Medium,17
MultiCloud,2026,RandomForest,Medium,High,23
MultiCloud,2026,RandomForest,Medium,Low,23
MultiCloud,2026,RandomForest,Medium,Medium,21
MultiCloud,2026,BalancedRF,High,High,23
MultiCloud,2026,BalancedRF,High,Low,13
MultiCloud,2026,BalancedRF,High,Medium,30
MultiCloud,2026,BalancedRF,Low,High,27
MultiCloud,2026,BalancedRF,Low,Low,23
MultiCloud,2026,BalancedRF,Low,Medium,17
MultiCloud,2026,BalancedRF,Medium,High,24
MultiCloud,2026,BalancedRF,Medium,Low,19
MultiCloud,2026,BalancedRF,Medium,Medium,24
MultiCloud,2026,MLP,High,High,29
MultiCloud,2026,MLP,High,Low,24
MultiCloud,2026,MLP,High,Medium,13
MultiCloud,2026,MLP,Low,High,23
MultiCloud,2026,MLP,Low,Low,37
MultiCloud,2026,MLP,Low,Medium,7
MultiCloud,2026,MLP,Medium,High,25
MultiCloud,2026,MLP,Medium,Low,29
MultiCloud,2026,MLP,Medium,Medium,13
MultiCloud,2026,LogReg,High,High,30
MultiCloud,2026,LogReg,High,Low,19
MultiCloud,2026,LogReg,High,Medium,17
MultiCloud,2026,LogReg,Low,High,25
MultiCloud,2026,LogReg,Low,Low,25
MultiCloud,2026,LogReg,Low,Medium,17
MultiCloud,2026,LogReg,Medium,High,32
MultiCloud,2026,LogReg,Medium,Low,20
MultiCloud,2026,LogReg,Medium,Medium,15
MultiCloud,2026,NaiveBayes,High,High,36
MultiCloud,2026,NaiveBayes,High,Low,14
MultiCloud,2026,NaiveBayes,High,Medium,16
MultiCloud,2026,NaiveBayes,Low,High,28
MultiCloud,2026,NaiveBayes,Low,Low,23
MultiCloud,2026,NaiveBayes,Low,Medium,16
MultiCloud,2026,NaiveBayes,Medium,High,32
MultiCloud,2026,NaiveBayes,Medium,Low,20
MultiCloud,2026,NaiveBayes,Medium,Medium,15
CICIDS2017,42,KATS,High,High,1448
CICIDS2017,42,KATS,High,Low,97
CICIDS2017,42,KATS,High,Medium,6
CICIDS2017,42,KATS,Low,High,3714
CICIDS2017,42,KATS,Low,Low,5473
CICIDS2017,42,KATS,Low,Medium,787
CICIDS2017,42,KATS,Medium,High,1
CICIDS2017,42,KATS,Medium,Low,14
CICIDS2017,42,KATS,Medium,Medium,460
CICIDS2017,42,LightGBM,High,High,1544
CICIDS2017,42,LightGBM,High,Low,7
CICIDS2017,42,LightGBM,High,Medium,0
CICIDS2017,42,LightGBM,Low,High,10
CICIDS2017,42,LightGBM,Low,Low,9959
CICIDS2017,42,LightGBM,Low,Medium,5
CICIDS2017,42,LightGBM,Medium,High,2
CICIDS2017,42,LightGBM,Medium,Low,2
CICIDS2017,42,LightGBM,Medium,Medium,471
CICIDS2017,42,XGBoost,High,High,1542
CICIDS2017,42,XGBoost,High,Low,9
CICIDS2017,42,XGBoost,High,Medium,0
CICIDS2017,42,XGBoost,Low,High,4
CICIDS2017,42,XGBoost,Low,Low,9965
CICIDS2017,42,XGBoost,Low,Medium,5
CICIDS2017,42,XGBoost,Medium,High,2
CICIDS2017,42,XGBoost,Medium,Low,1
CICIDS2017,42,XGBoost,Medium,Medium,472
CICIDS2017,42,RandomForest,High,High,1530
CICIDS2017,42,RandomForest,High,Low,21
CICIDS2017,42,RandomForest,High,Medium,0
CICIDS2017,42,RandomForest,Low,High,6
CICIDS2017,42,RandomForest,Low,Low,9965
CICIDS2017,42,RandomForest,Low,Medium,3
CICIDS2017,42,RandomForest,Medium,High,2
CICIDS2017,42,RandomForest,Medium,Low,4
CICIDS2017,42,RandomForest,Medium,Medium,469
CICIDS2017,42,BalancedRF,High,High,1535
CICIDS2017,42,BalancedRF,High,Low,16
CICIDS2017,42,BalancedRF,High,Medium,0
CICIDS2017,42,BalancedRF,Low,High,16
CICIDS2017,42,BalancedRF,Low,Low,9954
CICIDS2017,42,BalancedRF,Low,Medium,4
CICIDS2017,42,BalancedRF,Medium,High,2
CICIDS2017,42,BalancedRF,Medium,Low,1
CICIDS2017,42,BalancedRF,Medium,Medium,472
CICIDS2017,42,MLP,High,High,1459
CICIDS2017,42,MLP,High,Low,91
CICIDS2017,42,MLP,High,Medium,1
CICIDS2017,42,MLP,Low,High,20
CICIDS2017,42,MLP,Low,Low,9857
CICIDS2017,42,MLP,Low,Medium,97
CICIDS2017,42,MLP,Medium,High,1
CICIDS2017,42,MLP,Medium,Low,44
CICIDS2017,42,MLP,Medium,Medium,430
CICIDS2017,42,LogReg,High,High,1495
CICIDS2017,42,LogReg,High,Low,50
CICIDS2017,42,LogReg,High,Medium,6
CICIDS2017,42,LogReg,Low,High,576
CICIDS2017,42,LogReg,Low,Low,9146
CICIDS2017,42,LogReg,Low,Medium,252
CICIDS2017,42,LogReg,Medium,High,4
CICIDS2017,42,LogReg,Medium,Low,9
CICIDS2017,42,LogReg,Medium,Medium,462
CICIDS2017,42,NaiveBayes,High,High,0
CICIDS2017,42,NaiveBayes,High,Low,1551
CICIDS2017,42,NaiveBayes,High,Medium,0
CICIDS2017,42,NaiveBayes,Low,High,0
CICIDS2017,42,NaiveBayes,Low,Low,9974
CICIDS2017,42,NaiveBayes,Low,Medium,0
CICIDS2017,42,NaiveBayes,Medium,High,0
CICIDS2017,42,NaiveBayes,Medium,Low,475
CICIDS2017,42,NaiveBayes,Medium,Medium,0
CICIDS2017,7,KATS,High,High,1450
CICIDS2017,7,KATS,High,Low,93
CICIDS2017,7,KATS,High,Medium,8
CICIDS2017,7,KATS,Low,High,3885
CICIDS2017,7,KATS,Low,Low,5224
CICIDS2017,7,KATS,Low,Medium,865
CICIDS2017,7,KATS,Medium,High,0
CICIDS2017,7,KATS,Medium,Low,17
CICIDS2017,7,KATS,Medium,Medium,458
CICIDS2017,7,LightGBM,High,High,1551
CICIDS2017,7,LightGBM,High,Low,0
CICIDS2017,7,LightGBM,High,Medium,0
CICIDS2017,7,LightGBM,Low,High,8
CICIDS2017,7,LightGBM,Low,Low,9958
CICIDS2017,7,LightGBM,Low,Medium,8
CICIDS2017,7,LightGBM,Medium,High,1
CICIDS2017,7,LightGBM,Medium,Low,2
CICIDS2017,7,LightGBM,Medium,Medium,472
CICIDS2017,7,XGBoost,High,High,1547
CICIDS2017,7,XGBoost,High,Low,4
CICIDS2017,7,XGBoost,High,Medium,0
CICIDS2017,7,XGBoost,Low,High,4
CICIDS2017,7,XGBoost,Low,Low,9962
CICIDS2017,7,XGBoost,Low,Medium,8
CICIDS2017,7,XGBoost,Medium,High,1
CICIDS2017,7,XGBoost,Medium,Low,0
CICIDS2017,7,XGBoost,Medium,Medium,474
CICIDS2017,7,RandomForest,High,High,1540
CICIDS2017,7,RandomForest,High,Low,11
CICIDS2017,7,RandomForest,High,Medium,0
CICIDS2017,7,RandomForest,Low,High,2
CICIDS2017,7,RandomForest,Low,Low,9964
CICIDS2017,7,RandomForest,Low,Medium,8
CICIDS2017,7,RandomForest,Medium,High,1
CICIDS2017,7,RandomForest,Medium,Low,4
CICIDS2017,7,RandomForest,Medium,Medium,470
CICIDS2017,7,BalancedRF,High,High,1542
CICIDS2017,7,BalancedRF,High,Low,9
CICIDS2017,7,BalancedRF,High,Medium,0
CICIDS2017,7,BalancedRF,Low,High,18
CICIDS2017,7,BalancedRF,Low,Low,9948
CICIDS2017,7,BalancedRF,Low,Medium,8
CICIDS2017,7,BalancedRF,Medium,High,1
CICIDS2017,7,BalancedRF,Medium,Low,1
CICIDS2017,7,BalancedRF,Medium,Medium,473
CICIDS2017,7,MLP,High,High,1508
CICIDS2017,7,MLP,High,Low,42
CICIDS2017,7,MLP,High,Medium,1
CICIDS2017,7,MLP,Low,High,21
CICIDS2017,7,MLP,Low,Low,9941
CICIDS2017,7,MLP,Low,Medium,12
CICIDS2017,7,MLP,Medium,High,1
CICIDS2017,7,MLP,Medium,Low,5
CICIDS2017,7,MLP,Medium,Medium,469
CICIDS2017,7,LogReg,High,High,1509
CICIDS2017,7,LogReg,High,Low,37
CICIDS2017,7,LogReg,High,Medium,5
CICIDS2017,7,LogReg,Low,High,562
CICIDS2017,7,LogReg,Low,Low,9140
CICIDS2017,7,LogReg,Low,Medium,272
CICIDS2017,7,LogReg,Medium,High,1
CICIDS2017,7,LogReg,Medium,Low,13
CICIDS2017,7,LogReg,Medium,Medium,461
CICIDS2017,7,NaiveBayes,High,High,0
CICIDS2017,7,NaiveBayes,High,Low,1551
CICIDS2017,7,NaiveBayes,High,Medium,0
CICIDS2017,7,NaiveBayes,Low,High,0
CICIDS2017,7,NaiveBayes,Low,Low,9974
CICIDS2017,7,NaiveBayes,Low,Medium,0
CICIDS2017,7,NaiveBayes,Medium,High,0
CICIDS2017,7,NaiveBayes,Medium,Low,475
CICIDS2017,7,NaiveBayes,Medium,Medium,0
CICIDS2017,13,KATS,High,High,1458
CICIDS2017,13,KATS,High,Low,91
CICIDS2017,13,KATS,High,Medium,2
CICIDS2017,13,KATS,Low,High,4090
CICIDS2017,13,KATS,Low,Low,5130
CICIDS2017,13,KATS,Low,Medium,754
CICIDS2017,13,KATS,Medium,High,1
CICIDS2017,13,KATS,Medium,Low,12
CICIDS2017,13,KATS,Medium,Medium,462
CICIDS2017,13,LightGBM,High,High,1547
CICIDS2017,13,LightGBM,High,Low,4
CICIDS2017,13,LightGBM,High,Medium,0
CICIDS2017,13,LightGBM,Low,High,9
CICIDS2017,13,LightGBM,Low,Low,9961
CICIDS2017,13,LightGBM,Low,Medium,4
CICIDS2017,13,LightGBM,Medium,High,1
CICIDS2017,13,LightGBM,Medium,Low,1
CICIDS2017,13,LightGBM,Medium,Medium,473
CICIDS2017,13,XGBoost,High,High,1545
CICIDS2017,13,XGBoost,High,Low,6
CICIDS2017,13,XGBoost,High,Medium,0
CICIDS2017,13,XGBoost,Low,High,6
CICIDS2017,13,XGBoost,Low,Low,9964
CICIDS2017,13,XGBoost,Low,Medium,4
CICIDS2017,13,XGBoost,Medium,High,1
CICIDS2017,13,XGBoost,Medium,Low,1
CICIDS2017,13,XGBoost,Medium,Medium,473
CICIDS2017,13,RandomForest,High,High,1532
CICIDS2017,13,RandomForest,High,Low,19
CICIDS2017,13,RandomForest,High,Medium,0
CICIDS2017,13,RandomForest,Low,High,5
CICIDS2017,13,RandomForest,Low,Low,9965
CICIDS2017,13,RandomForest,Low,Medium,4
CICIDS2017,13,RandomForest,Medium,High,1
CICIDS2017,13,RandomForest,Medium,Low,3
CICIDS2017,13,RandomForest,Medium,Medium,471
CICIDS2017,13,BalancedRF,High,High,1534
CICIDS2017,13,BalancedRF,High,Low,17
CICIDS2017,13,BalancedRF,High,Medium,0
CICIDS2017,13,BalancedRF,Low,High,22
CICIDS2017,13,BalancedRF,Low,Low,9947
CICIDS2017,13,BalancedRF,Low,Medium,5
CICIDS2017,13,BalancedRF,Medium,High,1
CICIDS2017,13,BalancedRF,Medium,Low,1
CICIDS2017,13,BalancedRF,Medium,Medium,473
CICIDS2017,13,MLP,High,High,1461
CICIDS2017,13,MLP,High,Low,90
CICIDS2017,13,MLP,High,Medium,0
CICIDS2017,13,MLP,Low,High,17
CICIDS2017,13,MLP,Low,Low,9949
CICIDS2017,13,MLP,Low,Medium,8
CICIDS2017,13,MLP,Medium,High,1
CICIDS2017,13,MLP,Medium,Low,8
CICIDS2017,13,MLP,Medium,Medium,466
CICIDS2017,13,LogReg,High,High,1494
CICIDS2017,13,LogReg,High,Low,51
CICIDS2017,13,LogReg,High,Medium,6
CICIDS2017,13,LogReg,Low,High,571
CICIDS2017,13,LogReg,Low,Low,9141
CICIDS2017,13,LogReg,Low,Medium,262
CICIDS2017,13,LogReg,Medium,High,9
CICIDS2017,13,LogReg,Medium,Low,1
CICIDS2017,13,LogReg,Medium,Medium,465
CICIDS2017,13,NaiveBayes,High,High,0
CICIDS2017,13,NaiveBayes,High,Low,1551
CICIDS2017,13,NaiveBayes,High,Medium,0
CICIDS2017,13,NaiveBayes,Low,High,0
CICIDS2017,13,NaiveBayes,Low,Low,9974
CICIDS2017,13,NaiveBayes,Low,Medium,0
CICIDS2017,13,NaiveBayes,Medium,High,0
CICIDS2017,13,NaiveBayes,Medium,Low,475
CICIDS2017,13,NaiveBayes,Medium,Medium,0
CICIDS2017,99,KATS,High,High,1442
CICIDS2017,99,KATS,High,Low,103
CICIDS2017,99,KATS,High,Medium,6
CICIDS2017,99,KATS,Low,High,3927
CICIDS2017,99,KATS,Low,Low,5219
CICIDS2017,99,KATS,Low,Medium,828
CICIDS2017,99,KATS,Medium,High,1
CICIDS2017,99,KATS,Medium,Low,16
CICIDS2017,99,KATS,Medium,Medium,458
CICIDS2017,99,LightGBM,High,High,1546
CICIDS2017,99,LightGBM,High,Low,5
CICIDS2017,99,LightGBM,High,Medium,0
CICIDS2017,99,LightGBM,Low,High,7
CICIDS2017,99,LightGBM,Low,Low,9964
CICIDS2017,99,LightGBM,Low,Medium,3
CICIDS2017,99,LightGBM,Medium,High,1
CICIDS2017,99,LightGBM,Medium,Low,1
CICIDS2017,99,LightGBM,Medium,Medium,473
CICIDS2017,99,XGBoost,High,High,1544
CICIDS2017,99,XGBoost,High,Low,7
CICIDS2017,99,XGBoost,High,Medium,0
CICIDS2017,99,XGBoost,Low,High,2
CICIDS2017,99,XGBoost,Low,Low,9969
CICIDS2017,99,XGBoost,Low,Medium,3
CICIDS2017,99,XGBoost,Medium,High,1
CICIDS2017,99,XGBoost,Medium,Low,0
CICIDS2017,99,XGBoost,Medium,Medium,474
CICIDS2017,99,RandomForest,High,High,1531
CICIDS2017,99,RandomForest,High,Low,20
CICIDS2017,99,RandomForest,High,Medium,0
CICIDS2017,99,RandomForest,Low,High,2
CICIDS2017,99,RandomForest,Low,Low,9969
CICIDS2017,99,RandomForest,Low,Medium,3
CICIDS2017,99,RandomForest,Medium,High,1
CICIDS2017,99,RandomForest,Medium,Low,4
CICIDS2017,99,RandomForest,Medium,Medium,470
CICIDS2017,99,BalancedRF,High,High,1530
CICIDS2017,99,BalancedRF,High,Low,21
CICIDS2017,99,BalancedRF,High,Medium,0
CICIDS2017,99,BalancedRF,Low,High,16
CICIDS2017,99,BalancedRF,Low,Low,9954
CICIDS2017,99,BalancedRF,Low,Medium,4
CICIDS2017,99,BalancedRF,Medium,High,1
CICIDS2017,99,BalancedRF,Medium,Low,1
CICIDS2017,99,BalancedRF,Medium,Medium,473
CICIDS2017,99,MLP,High,High,1504
CICIDS2017,99,MLP,High,Low,46
CICIDS2017,99,MLP,High,Medium,1
CICIDS2017,99,MLP,Low,High,31
CICIDS2017,99,MLP,Low,Low,9864
CICIDS2017,99,MLP,Low,Medium,79
CICIDS2017,99,MLP,Medium,High,1
CICIDS2017,99,MLP,Medium,Low,41
CICIDS2017,99,MLP,Medium,Medium,433
CICIDS2017,99,LogReg,High,High,1509
CICIDS2017,99,LogReg,High,Low,34
CICIDS2017,99,LogReg,High,Medium,8
CICIDS2017,99,LogReg,Low,High,560
CICIDS2017,99,LogReg,Low,Low,9146
CICIDS2017,99,LogReg,Low,Medium,268
CICIDS2017,99,LogReg,Medium,High,3
CICIDS2017,99,LogReg,Medium,Low,6
CICIDS2017,99,LogReg,Medium,Medium,466
CICIDS2017,99,NaiveBayes,High,High,0
CICIDS2017,99,NaiveBayes,High,Low,1551
CICIDS2017,99,NaiveBayes,High,Medium,0
CICIDS2017,99,NaiveBayes,Low,High,0
CICIDS2017,99,NaiveBayes,Low,Low,9974
CICIDS2017,99,NaiveBayes,Low,Medium,0
CICIDS2017,99,NaiveBayes,Medium,High,0
CICIDS2017,99,NaiveBayes,Medium,Low,475
CICIDS2017,99,NaiveBayes,Medium,Medium,0
CICIDS2017,2026,KATS,High,High,1448
CICIDS2017,2026,KATS,High,Low,97
CICIDS2017,2026,KATS,High,Medium,6
CICIDS2017,2026,KATS,Low,High,4025
CICIDS2017,2026,KATS,Low,Low,5086
CICIDS2017,2026,KATS,Low,Medium,863
CICIDS2017,2026,KATS,Medium,High,0
CICIDS2017,2026,KATS,Medium,Low,17
CICIDS2017,2026,KATS,Medium,Medium,458
CICIDS2017,2026,LightGBM,High,High,1551
CICIDS2017,2026,LightGBM,High,Low,0
CICIDS2017,2026,LightGBM,High,Medium,0
CICIDS2017,2026,LightGBM,Low,High,12
CICIDS2017,2026,LightGBM,Low,Low,9960
CICIDS2017,2026,LightGBM,Low,Medium,2
CICIDS2017,2026,LightGBM,Medium,High,1
CICIDS2017,2026,LightGBM,Medium,Low,1
CICIDS2017,2026,LightGBM,Medium,Medium,473
CICIDS2017,2026,XGBoost,High,High,1547
CICIDS2017,2026,XGBoost,High,Low,4
CICIDS2017,2026,XGBoost,High,Medium,0
CICIDS2017,2026,XGBoost,Low,High,9
CICIDS2017,2026,XGBoost,Low,Low,9963
CICIDS2017,2026,XGBoost,Low,Medium,2
CICIDS2017,2026,XGBoost,Medium,High,1
CICIDS2017,2026,XGBoost,Medium,Low,0
CICIDS2017,2026,XGBoost,Medium,Medium,474
CICIDS2017,2026,RandomForest,High,High,1536
CICIDS2017,2026,RandomForest,High,Low,15
CICIDS2017,2026,RandomForest,High,Medium,0
CICIDS2017,2026,RandomForest,Low,High,5
CICIDS2017,2026,RandomForest,Low,Low,9968
CICIDS2017,2026,RandomForest,Low,Medium,1
CICIDS2017,2026,RandomForest,Medium,High,1
CICIDS2017,2026,RandomForest,Medium,Low,7
CICIDS2017,2026,RandomForest,Medium,Medium,467
CICIDS2017,2026,BalancedRF,High,High,1537
CICIDS2017,2026,BalancedRF,High,Low,14
CICIDS2017,2026,BalancedRF,High,Medium,0
CICIDS2017,2026,BalancedRF,Low,High,26
CICIDS2017,2026,BalancedRF,Low,Low,9945
CICIDS2017,2026,BalancedRF,Low,Medium,3
CICIDS2017,2026,BalancedRF,Medium,High,1
CICIDS2017,2026,BalancedRF,Medium,Low,3
CICIDS2017,2026,BalancedRF,Medium,Medium,471
CICIDS2017,2026,MLP,High,High,1506
CICIDS2017,2026,MLP,High,Low,44
CICIDS2017,2026,MLP,High,Medium,1
CICIDS2017,2026,MLP,Low,High,47
CICIDS2017,2026,MLP,Low,Low,9918
CICIDS2017,2026,MLP,Low,Medium,9
CICIDS2017,2026,MLP,Medium,High,1
CICIDS2017,2026,MLP,Medium,Low,7
CICIDS2017,2026,MLP,Medium,Medium,467
CICIDS2017,2026,LogReg,High,High,1504
CICIDS2017,2026,LogReg,High,Low,39
CICIDS2017,2026,LogReg,High,Medium,8
CICIDS2017,2026,LogReg,Low,High,629
CICIDS2017,2026,LogReg,Low,Low,9089
CICIDS2017,2026,LogReg,Low,Medium,256
CICIDS2017,2026,LogReg,Medium,High,2
CICIDS2017,2026,LogReg,Medium,Low,15
CICIDS2017,2026,LogReg,Medium,Medium,458
CICIDS2017,2026,NaiveBayes,High,High,0
CICIDS2017,2026,NaiveBayes,High,Low,1551
CICIDS2017,2026,NaiveBayes,High,Medium,0
CICIDS2017,2026,NaiveBayes,Low,High,0
CICIDS2017,2026,NaiveBayes,Low,Low,9974
CICIDS2017,2026,NaiveBayes,Low,Medium,0
CICIDS2017,2026,NaiveBayes,Medium,High,0
CICIDS2017,2026,NaiveBayes,Medium,Low,475
CICIDS2017,2026,NaiveBayes,Medium,Medium,0
