train_fraction,seed,model,threshold,RecallH,PrecH,F1H,MacroF1,Kappa,Brier,ECE,PRAUC_High,FP_High,FN_High
0.6,7,KATS,0.5,0.9708029197080292,0.03453648403012204,0.0667001003009027,0.15322233851203185,0.015697612475204847,0.3106795230197598,0.4546251763114859,0.10320316625620012,7436,8
0.6,7,LightGBM,0.5,0.6313868613138686,0.09177718832891246,0.1602593793422881,0.32338652728510575,0.04512246511050355,0.15942473259861223,0.2485936695907038,0.13720104071979178,1712,101
0.6,7,LogReg,0.5,0.41605839416058393,0.050442477876106194,0.08997632202052092,0.31373088385495074,0.02447486316894698,0.1932450538439198,0.3681641366326969,0.03993965574019473,2146,160
0.6,13,KATS,0.5,0.9781021897810219,0.03655708634565544,0.07047994740302432,0.14883499243267442,0.015360356153872212,0.3127279516290511,0.4561784854663838,0.09998985215421916,7063,6
0.6,13,LightGBM,0.5,0.6313868613138686,0.09177718832891246,0.1602593793422881,0.32338652728510575,0.04512246511050355,0.15942473259861223,0.2485936695907038,0.13720104071979178,1712,101
0.6,13,LogReg,0.5,0.41605839416058393,0.050442477876106194,0.08997632202052092,0.31373088385495074,0.02447486316894698,0.1932450538439198,0.3681641366326969,0.03993965574019473,2146,160
0.6,42,KATS,0.5,0.9854014598540146,0.0377253038982814,0.07266855066612839,0.16359401040454366,0.01970052697095581,0.31233593303900364,0.4563200275630191,0.10587310960294004,6887,4
0.6,42,LightGBM,0.5,0.6313868613138686,0.09177718832891246,0.1602593793422881,0.32338652728510575,0.04512246511050355,0.15942473259861223,0.2485936695907038,0.13720104071979178,1712,101
0.6,42,LogReg,0.5,0.41605839416058393,0.050442477876106194,0.08997632202052092,0.31373088385495074,0.02447486316894698,0.1932450538439198,0.3681641366326969,0.03993965574019473,2146,160
0.7,7,KATS,0.5,0.9323671497584541,0.04331238779174147,0.08277932661376797,0.22895413235809292,0.024021386406939627,0.30205028239019716,0.4434874440082428,0.1037045107933859,4263,14
0.7,7,LightGBM,0.5,0.6859903381642513,0.08523409363745499,0.15162840363053925,0.3740602339627967,0.10994412130446729,0.16354158837450655,0.25689140227808993,0.1606223290816214,1524,65
0.7,7,LogReg,0.5,0.43478260869565216,0.05013927576601671,0.0899100899100899,0.30979719432759095,0.022353583137220467,0.19832264320906842,0.37022936785579147,0.0408463785610835,1705,117
0.7,13,KATS,0.5,0.9565217391304348,0.039831019915509955,0.07647740440324449,0.21151735241459366,0.022378453155192712,0.3033210420168846,0.4457884706317469,0.10203024890215051,4773,9
0.7,13,LightGBM,0.5,0.6859903381642513,0.08523409363745499,0.15162840363053925,0.3740602339627967,0.10994412130446729,0.16354158837450655,0.25689140227808993,0.1606223290816214,1524,65
0.7,13,LogReg,0.5,0.43478260869565216,0.05013927576601671,0.0899100899100899,0.30979719432759095,0.022353583137220467,0.19832264320906842,0.37022936785579147,0.0408463785610835,1705,117
0.7,42,KATS,0.5,0.9420289855072463,0.044837893768682455,0.08560140474100088,0.2257388405776294,0.0149236830760332,0.297689327151794,0.43996651148423876,0.10240918015917698,4154,12
0.7,42,LightGBM,0.5,0.6859903381642513,0.08523409363745499,0.15162840363053925,0.3740602339627967,0.10994412130446729,0.16354158837450655,0.25689140227808993,0.1606223290816214,1524,65
0.7,42,LogReg,0.5,0.43478260869565216,0.05013927576601671,0.0899100899100899,0.30979719432759095,0.022353583137220467,0.19832264320906842,0.37022936785579147,0.0408463785610835,1705,117
0.8,7,KATS,0.5,0.9492753623188406,0.04697024022947293,0.08951144516569867,0.2213032260748403,0.023960914735863925,0.30361978036354836,0.44862519500118786,0.12036286425904952,2658,7
0.8,7,LightGBM,0.5,0.7536231884057971,0.08688387635756056,0.15580524344569288,0.3374556826811492,0.07110628781350858,0.16814274123928116,0.2600918715460623,0.2168469229780972,1093,34
0.8,7,LogReg,0.5,0.34782608695652173,0.04092071611253197,0.07322654462242563,0.27403733155984494,0.015524336174402076,0.2108118288067173,0.3879321059922973,0.042239416705187265,1125,90
0.8,13,KATS,0.5,0.9782608695652174,0.04730203223545901,0.09024064171122995,0.20488934123938177,0.023352764253772085,0.305902849891034,0.4517172696513401,0.11761087418548423,2719,3
0.8,13,LightGBM,0.5,0.7536231884057971,0.08688387635756056,0.15580524344569288,0.3374556826811492,0.07110628781350858,0.16814274123928116,0.2600918715460623,0.2168469229780972,1093,34
0.8,13,LogReg,0.5,0.34782608695652173,0.04092071611253197,0.07322654462242563,0.27403733155984494,0.015524336174402076,0.2108118288067173,0.3879321059922973,0.042239416705187265,1125,90
0.8,42,KATS,0.5,0.9637681159420289,0.04403973509933775,0.08423052564914503,0.20139110176827177,0.022109168828392978,0.3071146364237276,0.4517988072823857,0.12221170477230954,2887,5
0.8,42,LightGBM,0.5,0.7536231884057971,0.08688387635756056,0.15580524344569288,0.3374556826811492,0.07110628781350858,0.16814274123928116,0.2600918715460623,0.2168469229780972,1093,34
0.8,42,LogReg,0.5,0.34782608695652173,0.04092071611253197,0.07322654462242563,0.27403733155984494,0.015524336174402076,0.2108118288067173,0.3879321059922973,0.042239416705187265,1125,90
0.9,7,KATS,0.5,0.9743589743589743,0.05234159779614325,0.09934640522875816,0.2442752668218597,0.027961173231443648,0.3051424970094064,0.4434929283331243,0.12594989157400147,1376,2
0.9,7,LightGBM,0.5,0.7435897435897436,0.08529411764705883,0.15303430079155672,0.3374347589030097,0.06980253397542191,0.17825974244287682,0.26953713650969574,0.17398695412796392,622,20
0.9,7,LogReg,0.5,0.3717948717948718,0.04948805460750853,0.08734939759036145,0.27700000406957265,0.020696671378534925,0.22113909932817152,0.3897428248060117,0.054211087493890295,557,49
0.9,13,KATS,0.5,0.9743589743589743,0.05104096709200806,0.09700063816209317,0.24900755211038672,0.02823914199512456,0.3064335214977972,0.4459889451274841,0.12423478183193308,1413,2
0.9,13,LightGBM,0.5,0.7435897435897436,0.08529411764705883,0.15303430079155672,0.3374347589030097,0.06980253397542191,0.17825974244287682,0.26953713650969574,0.17398695412796392,622,20
0.9,13,LogReg,0.5,0.3717948717948718,0.04948805460750853,0.08734939759036145,0.27700000406957265,0.020696671378534925,0.22113909932817152,0.3897428248060117,0.054211087493890295,557,49
0.9,42,KATS,0.5,0.9743589743589743,0.048749198203976905,0.09285277947464875,0.24288316233270382,0.025917997440436213,0.3113636519477277,0.4521463419881262,0.12791550644325123,1483,2
0.9,42,LightGBM,0.5,0.7435897435897436,0.08529411764705883,0.15303430079155672,0.3374347589030097,0.06980253397542191,0.17825974244287682,0.26953713650969574,0.17398695412796392,622,20
0.9,42,LogReg,0.5,0.3717948717948718,0.04948805460750853,0.08734939759036145,0.27700000406957265,0.020696671378534925,0.22113909932817152,0.3897428248060117,0.054211087493890295,557,49
