seed,variant,resampling_method,threshold,RecallH,PrecH,F1H,MacroF1,Kappa,Brier,ECE,PRAUC_High,FP_High,FN_High
7,T_NoResampling,none,0.5,0.9338235294117647,0.043717728055077454,0.08352515619861887,0.22523925145698606,0.037084130000256454,0.2977385440208368,0.4429838183323132,0.2177635584177992,2778,9
7,T_NumericSMOTE,smote,0.5,0.875,0.04253037884203002,0.08111792774369461,0.2415926482502212,0.038500242728858325,0.2886808861344013,0.4343326918405806,0.20326598025592896,2679,17
7,T_SMOTENC,smotenc,0.5,0.9044117647058824,0.0430672268907563,0.08221925133689839,0.22483827587138935,0.035401280631649934,0.2925611992671731,0.4371949539575198,0.15686196597254232,2733,13
13,T_NoResampling,none,0.5,0.9558823529411765,0.03919204100090443,0.07529684332464523,0.18417489776064866,0.028201705908008412,0.31929749783157907,0.4581517737216358,0.2210701954688441,3187,6
13,T_NumericSMOTE,smote,0.5,0.9485294117647058,0.042308953755329615,0.08100470957613815,0.2204665484427389,0.034344779071237896,0.3018746798612363,0.44457727343409664,0.21349132411145424,2920,7
13,T_SMOTENC,smotenc,0.5,0.9411764705882353,0.041666666666666664,0.0798004987531172,0.20991544783910207,0.032202592790283924,0.3073638076241106,0.44863875953221677,0.14701164618600845,2944,8
42,T_NoResampling,none,0.5,0.9852941176470589,0.04100367197062423,0.07873090481786134,0.19455684094267559,0.031778188106817096,0.3140403538702103,0.45635946999603333,0.2758736852937091,3134,2
42,T_NumericSMOTE,smote,0.5,0.9558823529411765,0.043993231810490696,0.08411517308314462,0.23417573032052963,0.03885379989166826,0.29824429044631223,0.4449066315830776,0.24234151878628254,2825,6
42,T_SMOTENC,smotenc,0.5,0.9411764705882353,0.044398196323274366,0.0847962901623054,0.23156291863466105,0.04006124924151433,0.3070958653660409,0.4486899605593326,0.14997994701332915,2755,8
99,T_NoResampling,none,0.5,0.9852941176470589,0.03827477863467581,0.07368710475666758,0.16548102285532543,0.024621858662103202,0.32194803047389836,0.4618132336859486,0.18893750771623916,3367,2
99,T_NumericSMOTE,smote,0.5,0.9558823529411765,0.04391891891891892,0.08397932816537468,0.22381030184143147,0.03639062566207674,0.3044372951439362,0.4477289815244228,0.18076313138426353,2830,6
99,T_SMOTENC,smotenc,0.5,0.9705882352941176,0.04407345575959933,0.08431810923027787,0.21977046053162005,0.03708874009309726,0.30859969432558154,0.4511629587696384,0.1518852841050911,2863,4
2026,T_NoResampling,none,0.5,0.9338235294117647,0.03928240024744819,0.07539329177797566,0.18172223994441106,0.028580845541836042,0.3150313283387141,0.455390758369042,0.2645343943661166,3106,9
2026,T_NumericSMOTE,smote,0.5,0.9117647058823529,0.038944723618090454,0.0746987951807229,0.20501076194032067,0.03136451522184258,0.3056174561073401,0.4506048324147125,0.23814313184307934,3060,12
2026,T_SMOTENC,smotenc,0.5,0.9558823529411765,0.04130918334922148,0.0791958574474566,0.20969060166947895,0.035791420967102194,0.30972363442587386,0.4528193853231988,0.20800764420042897,3017,6
