dataset,model,RecallH_mean,RecallH_sd,PrecH_mean,PrecH_sd,F1H_mean,F1H_sd,MacroF1_mean,MacroF1_sd,Kappa_mean,Kappa_sd,Brier_mean,Brier_sd,ECE_mean,ECE_sd,PRAUC_High_mean,PRAUC_High_sd,FP_High_mean,FP_High_sd,FN_High_mean,FN_High_sd
CICIDS2017,BalancedRF,0.9900709219858156,0.0028324800304949,0.986642681918936,0.0026170289482368,0.98835017054924,0.0017084683331415,0.9928383482643912,0.0003823813094617,0.9878723917261696,0.0012412132916963,0.0029040364756944,0.0001018099441415,0.0103736527777777,0.0005671543032236,0.9991314507300932,0.0003440117932579,20.8,4.147288270665544,15.4,4.39317652729776
CICIDS2017,KATS,0.9343649258542877,0.0037149865353676,0.2696195212566858,0.007000460113624,0.4184379103836293,0.0082796499849375,0.5411401741337531,0.0094868595774094,0.286496249471869,0.0108389231864764,0.1416459401852009,0.0030678698211478,0.2436202543222258,0.0099376470868515,0.8788496201248049,0.0098890379452536,3928.8,144.21581050633802,101.8,5.761944116355173
CICIDS2017,LightGBM,0.9979368149580916,0.0020080479048868,0.9933272107563036,0.0013201500180636,0.995625432223576,0.0011530038928839,0.995787371561216,0.0010951994044165,0.9944523658399465,0.0011205604969355,0.0008920003213655,0.0001695344370492,0.0009640776575079,0.0002064156981416,0.9998252960187,9.096413962108607e-05,10.4,2.073644135332772,3.2,3.1144823004794877
CICIDS2017,LogReg,0.968536428110896,0.0047247120465664,0.7203684876484078,0.0097296642812203,0.8261918752086391,0.0071037607339241,0.8488160384995791,0.0028003088729049,0.7780690257635129,0.0058835947506745,0.0340607411653337,0.0006487167508177,0.0491701085375755,0.0015595544160785,0.9657780933889012,0.0035109549589307,583.4,27.93385043276348,48.8,7.328028384224504
CICIDS2017,MLP,0.9591231463571888,0.0162764677273049,0.9815079952453178,0.0076572920425845,0.9700870168560248,0.0067737294936522,0.9659787444086372,0.0228252138085146,0.9559157647242896,0.0202683170822505,0.0067385304590811,0.0028879691494503,0.0043809912245608,0.0014090616030483,0.9946489149126644,0.0023105849314764,28.2,12.255610959882825,63.4,25.244801445050022
CICIDS2017,NaiveBayes,0.0,0.0,0.0,0.0,0.0,0.0,0.3026000424744395,0.0,0.0,0.0,0.0667830144896903,0.0004718672803554,0.0264239557939441,0.0014063865768135,0.6270304537849943,0.0088150385489053,0.0,0.0,1551.0,0.0
CICIDS2017,RandomForest,0.9889103803997422,0.0026739447264123,0.9966212565459877,0.0014089814016339,0.9927497546659328,0.0018002232855245,0.9937890736775316,0.0004486417004924,0.9912084344425064,0.001072354302119,0.0013692622574974,0.0001521595902445,0.0017473391142556,0.0003443871791652,0.9996528872678588,0.0001741967118326,5.2,2.16794833886788,17.2,4.147288270665544
CICIDS2017,XGBoost,0.9961315280464216,0.0013677113756026,0.9960060454865668,0.001658102582509,0.9960674844984532,0.0008335093562748,0.9963273329302372,0.0009172426806795,0.9951331656274418,0.0008353641531017,0.0007816717575909,0.0001098256577335,0.0006003405186837,0.000132890646364,0.9998614713264304,7.938242503813333e-05,6.2,2.588435821108957,6.0,2.1213203435596424
GoogleCluster,BalancedRF,0.9991774891774892,0.0001810952438385,0.9984860467038278,0.0005065335960639,0.99883161838349,0.0003278844854061,0.9991115496972534,0.0002657563152621,0.9986003103373444,0.0003930268194238,0.0007582233333333,9.762459468624864e-05,0.0032357777777777,6.540041671251912e-05,0.9999925044068672,4.137015443154201e-06,7.0,2.345207879911715,3.8,0.8366600265340756
GoogleCluster,KATS,0.9993506493506492,0.000265096292509,0.9986590290165548,0.0003548442143953,0.999004684902894,0.0002344462310562,0.9992238492852866,0.00017926458765,0.9988076318531296,0.0002809399353982,0.0004169075131545,0.0001058599425298,0.000566013630713,7.766720002606535e-05,0.9999783920047924,2.709835919425769e-05,6.2,1.6431676725154984,3.0,1.224744871391589
GoogleCluster,LightGBM,0.9991774891774892,0.0003871979181817,0.9986588136672528,0.0002814018487595,0.9989180158156796,0.0001712155989031,0.9991605075300132,0.0001819866576714,0.9986780116453172,0.0002492862840615,0.000483222381357,9.660702663092903e-05,0.0004474422998496,9.911779809877978e-05,0.9999640680655052,2.305644203052557e-05,6.2,1.30384048104053,3.8,1.7888543819998317
GoogleCluster,LogReg,0.913852813852814,0.0076327479145045,0.906558644423034,0.0054455472709552,0.9101626908180794,0.0033702986728816,0.9144904083834112,0.0037498509969252,0.8774454303282603,0.005172759205895,0.0414262458924601,0.0014684115949341,0.0297918296010508,0.0015949754411914,0.9680193307231398,0.0014329928388192,435.4,29.787581304966675,398.0,35.263295365010904
GoogleCluster,MLP,0.9952380952380953,0.0017783199918999,0.9955002211538392,0.0019312862771139,0.9953674791385838,0.0011749522345717,0.9960517588840858,0.0012817597403487,0.99398635673828,0.00166229435726,0.002395366635909,0.0007380054934897,0.0020844586287768,0.0006735984047125,0.999382880439836,0.0002363334940962,20.8,8.983317872590282,22.0,8.215838362577491
GoogleCluster,NaiveBayes,0.8349350649350649,0.0031686123454831,0.9197859283686,0.0114281983043314,0.8752710914043119,0.0045305645090457,0.8618148920077624,0.0062629119628053,0.8075719816067529,0.0087368514340805,0.0625658918732355,0.001761263202056,0.0262785323628386,0.0018586314323344,0.9247395562641864,0.0036508944542111,337.0,52.69250421075089,762.6,14.638989036132257
GoogleCluster,RandomForest,0.9994372294372292,0.0001185546661266,0.9988753198943346,0.000492405016133,0.9991561274401596,0.0002078295867439,0.9993611919785376,0.0001729675794523,0.9989890616442588,0.0002492963605232,0.0005571388888888,6.622528606703406e-05,0.0023132777777777,0.0001183589891332,0.999995363101626,2.477844519866603e-06,5.2,2.280350850198276,2.6,0.5477225575051662
GoogleCluster,XGBoost,0.9990043290043288,0.0003282630062359,0.9983131013373194,0.0004676929427328,0.998658495584001,0.0001963132960639,0.998938661388201,0.0001460280728521,0.998315151216812,0.0002424254441852,0.0006128292897975,9.056995598502812e-05,0.0008904692283596,0.0001092981039558,0.9999546067027936,3.011071388494069e-05,7.8,2.16794833886788,4.6,1.51657508881031
ITIncident,BalancedRF,0.6308823529411764,0.0304947666960701,0.1084656990758395,0.0020628383932477,0.1850341874671823,0.0023429359734652,0.3731074537370668,0.0059459950767099,0.1103920080970596,0.0057905578698376,0.1475570485236823,0.0028950958242807,0.2739293586377539,0.0046550684743989,0.2321660263462922,0.0325328770735791,705.8,43.87710108929258,50.2,4.147288270665544
ITIncident,KATS,0.9426470588235294,0.0246076478392375,0.0429029457979036,0.0013875626845912,0.082066001386011,0.002545593275608,0.2191555409092503,0.0095076156260452,0.0361090567447295,0.0028478897948994,0.3050688402017559,0.0070701985182062,0.4477012036283813,0.0061322399253246,0.16274929749548,0.0255525702540243,2862.4,121.28396431515588,7.8,3.3466401061363023
ITIncident,LightGBM,0.7279411764705882,0.036395201972837,0.0884908266976165,0.0056605039717633,0.1577295973825052,0.0090686434971792,0.3585622202821709,0.0076648696030272,0.1027216884556719,0.0060509021189598,0.1635910749289226,0.0056300700557765,0.2595526885898763,0.0069434044353978,0.2192120334231194,0.0227071591315538,1022.8,76.53561262575742,37.0,4.949747468305834
ITIncident,LogReg,0.4602941176470588,0.0455051424904876,0.0459244879027383,0.0027990479149474,0.0834969613564722,0.0052513236139037,0.2450518936271297,0.014966915593011,0.0294041756953225,0.004098930881173,0.2196362411120396,0.0014383547133274,0.3949466776059257,0.0017627925322994,0.0412937495298552,0.001165166147189,1299.2,74.48288393986903,73.4,6.188699378706323
ITIncident,MLP,0.0,0.0,0.0,0.0,0.0,0.0,0.325021446240905,0.0038278814002917,0.0026098038946978,0.0058356989164881,0.0366456675121524,0.0006319695134127,0.0044411973602634,0.0028313598747203,0.0663554073666877,0.0210345843775796,0.0,0.0,136.0,0.0
ITIncident,NaiveBayes,0.0,0.0,0.0,0.0,0.0,0.0,0.3233095656367331,0.0,0.0,0.0,0.036821536465086,8.016369908141694e-05,0.0005516022732352,0.0002149665998018,0.0481454983393519,0.0020696915166404,0.0,0.0,136.0,0.0
ITIncident,RandomForest,0.1514705882352941,0.0184557358794281,0.3630385414063247,0.0735359208225061,0.2131527994133932,0.0299514798291459,0.4367189209391623,0.0160719539453621,0.1310857646256961,0.022970451989594,0.0553322670204644,0.0017399307454566,0.0582504281755398,0.0020516755290366,0.2157652698496283,0.0359209276975188,37.2,9.01110426085505,115.4,2.5099800796022254
ITIncident,XGBoost,0.0970588235294117,0.0120821152390845,0.6547985114300904,0.1440533452691011,0.1687983548753694,0.0228787908174722,0.4488862696514016,0.0183682978695973,0.1799837979282705,0.0277874114592617,0.0320681094257737,0.0007068818325446,0.0061401303952491,0.0012517057662528,0.2756420872997559,0.0377378431768137,7.4,4.03732584763727,122.8,1.6431676725154991
MultiCloud,BalancedRF,0.3282225237449118,0.0254591120850094,0.3134245167062776,0.0089432691272719,0.3202076884383222,0.0132901152500882,0.3110867093976109,0.033137788763383,-0.0334582007600266,0.0493461374679768,0.2334348333333333,0.0030404972312426,0.0953766666666666,0.0074340676020003,0.340405061949393,0.0212627210798438,47.8,4.43846820423443,44.6,1.51657508881031
MultiCloud,KATS,0.4187245590230665,0.091444824658267,0.3485502441968588,0.0223677235978191,0.3775690581312307,0.0457347329421969,0.3617767454093529,0.0178296127517468,0.0490426430953853,0.0221158266922587,0.2207201084305522,0.0023352626535367,0.0441445670660402,0.0052610485343607,0.3783343590341231,0.0284649272340212,51.8,9.833615815151616,38.6,6.107372593840988
MultiCloud,LightGBM,0.3344188150158299,0.0399489330503846,0.3103110583110583,0.0418916941743186,0.3216620933873296,0.0396374261693298,0.3115628876123738,0.0249280123747215,-0.0319446771096399,0.0374897237785533,0.271562303126466,0.0027579140730789,0.1927746568174926,0.0119634994999917,0.3383022015549831,0.0266056878425871,49.6,5.2249401910452535,44.2,2.7748873851023217
MultiCloud,LogReg,0.4819990954319312,0.073220021920113,0.3605298814786021,0.0284293517677203,0.4115344064881739,0.0419234802099072,0.3549159798169781,0.0271203302310976,0.0431808125424044,0.0410952898787936,0.2196056721608304,0.0027202648801455,0.0348234126452404,0.0047121868846923,0.3770815818885878,0.0303090961977696,56.6,6.107372593840988,34.4,4.9295030175464944
MultiCloud,MLP,0.3697421981004071,0.1852798811692723,0.3092659514674369,0.0707300113016296,0.3279443439443439,0.115357003567744,0.3317237009053477,0.0576819557652316,0.0140641741836458,0.0907051595119288,0.2206383424647341,0.0021856565914093,0.0250603432667814,0.0175862371235174,0.3576671183176302,0.0384119501419712,51.8,18.51215816699933,41.8,12.11197754291181
MultiCloud,NaiveBayes,0.5478968792401628,0.0772885463293107,0.3525449030392463,0.0236496085756299,0.4258707705698,0.0165124991637867,0.3432900360244474,0.0394960067827187,0.040370530839931,0.0400124411862755,0.2206585621535758,0.0026925590565807,0.0290544925789636,0.0062180388244157,0.3570830473509097,0.0193436951553574,67.8,15.319921670818031,30.0,5.0
MultiCloud,RandomForest,0.3435549525101763,0.0362827230734781,0.3213465423465423,0.0356952469417461,0.3315997492141683,0.0327168063585248,0.3182120212259928,0.028796518460016,-0.0212929007031911,0.0421347508599568,0.2330991166666666,0.0049231626654576,0.0919,0.0125863517351137,0.3460018414199178,0.0178641077662128,48.4,5.458937625582473,43.6,2.701851217221259
MultiCloud,XGBoost,0.3284486657620986,0.0307622142205596,0.3152357183878923,0.0323514394824449,0.3213663630440929,0.0297789653104263,0.3182723554815593,0.0321214286414017,-0.0215795831062004,0.0483590159765535,0.2728167998605972,0.0047226445884047,0.1866042606954773,0.0174842962380493,0.3129720446099013,0.0151699843492328,47.6,5.366563145999495,44.6,2.3021728866442674
