candidate,precision_binary_threshold,recall_binary_threshold,precision_floor,admissible,actual_override_precision,actual_override_recall
0.15,0.07192042846212701,0.8867924528301887,0.3,False,0.07192042846212701,0.8867924528301887
0.2,0.07698607698607698,0.8867924528301887,0.3,False,0.07698607698607698,0.8867924528301887
0.25,0.07785467128027682,0.8490566037735849,0.3,False,0.07785467128027682,0.8490566037735849
0.3,0.08058608058608059,0.8301886792452831,0.3,False,0.08058608058608059,0.8301886792452831
0.35,0.08237547892720307,0.8113207547169812,0.3,False,0.08221797323135756,0.8113207547169812
0.4,0.08484848484848485,0.7924528301886793,0.3,False,0.08349900596421471,0.7924528301886793
0.45,0.08842105263157894,0.7924528301886793,0.3,False,0.08624229979466119,0.7924528301886793
0.5,0.09121245828698554,0.7735849056603774,0.3,False,0.08713692946058091,0.7924528301886793
0.55,0.09597156398104266,0.7641509433962265,0.3,False,0.08713692946058091,0.7924528301886793
0.6,0.09974747474747475,0.7452830188679245,0.3,False,0.08713692946058091,0.7924528301886793
0.65,0.10477453580901856,0.7452830188679245,0.3,False,0.08713692946058091,0.7924528301886793
0.7,0.11175616835994194,0.7264150943396226,0.3,False,0.08713692946058091,0.7924528301886793
0.75,0.11919504643962849,0.7264150943396226,0.3,False,0.08713692946058091,0.7924528301886793
0.8,0.12520868113522537,0.7075471698113207,0.3,False,0.08713692946058091,0.7924528301886793
0.85,0.14313725490196078,0.6886792452830188,0.3,False,0.08713692946058091,0.7924528301886793
