class_label,bin,n,mean_probability,positive_fraction
High,0,4786,0.011174171346140974,0.014834935227747597
High,1,245,0.1420354481782892,0.11428571428571428
High,2,98,0.24556304410896634,0.14285714285714285
High,3,29,0.3369320526304944,0.20689655172413793
High,4,11,0.4433618182315666,0.2727272727272727
High,5,9,0.5402783176264071,0.2222222222222222
High,6,4,0.6361451404727235,0.75
High,7,34,0.7502333604659515,0.7058823529411765
High,8,0,,
High,9,0,,
Low,0,4566,0.015797244928093833,0.019929916776171702
Low,1,448,0.1377562963694962,0.13392857142857142
Low,2,107,0.2619113097322608,0.04672897196261682
Low,3,52,0.345420579767138,0.057692307692307696
Low,4,24,0.44340177780763934,0.0
Low,5,12,0.5323054190415276,0.25
Low,6,3,0.6073558226511881,0.6666666666666666
Low,7,1,0.7030875702277628,0.0
Low,8,2,0.8923417209908735,1.0
Low,9,1,0.98,1.0
Medium,0,1,0.02,0.0
Medium,1,3,0.13305324588831616,0.3333333333333333
Medium,2,34,0.2521758286449969,0.29411764705882354
Medium,3,10,0.3661639900769579,0.5
Medium,4,21,0.452886125455455,0.7142857142857143
Medium,5,39,0.5542440286003583,0.8974358974358975
Medium,6,106,0.6551943305418999,0.8867924528301887
Medium,7,223,0.747172118268563,0.8878923766816144
Medium,8,755,0.8599296908653913,0.8582781456953642
Medium,9,4024,0.9753591338097077,0.967196819085487
