dataset,experiment,model,seed,variant,case_id,n_train,n_test,threshold,fit_seconds_selection_plus_refit,shared_predictor_hash_groups,group_overlap,RecallH,PrecH,MacroF1,Kappa,PRAUC_High,Brier,ECE,FP_High,FN_High,TP_High,TN_High,reference_case_id
GoogleCluster,main,KATS,42,T_Full,d45ec43c8dbe4d31ebad96ca,48467,11533,0.25,249.1529509730001,0,0,0.9997660818713451,0.9988315026875438,0.9994513345970192,0.9991869889851918,0.9999985776074387,0.0002732089594279078,0.0005125672172361153,5,1,4274,7253,
GoogleCluster,main,LightGBM,42,T_Full,228bd9771c46a7264ab34ca9,48467,11533,,6.452682373000243,0,0,0.9992982456140351,0.9985974754558204,0.9992325458573138,0.9987804743936632,0.9999853309633713,0.0003776061820399713,0.0004662849815043944,6,3,4272,7252,
GoogleCluster,main,XGBoost,42,T_Full,6055968ad947a30bc706860a,48467,11533,,6.043450304000089,0,0,0.99953216374269,0.998131277738846,0.9991226897600137,0.9986450425817074,0.9999510157410245,0.0004494295968394875,0.0010755447286943806,8,2,4273,7250,
GoogleCluster,main,RandomForest,42,T_Full,6b23c3d23699a6b0e4218bab,48467,11533,,9.809614231000069,0,0,0.9992982456140351,0.9988309562777647,0.9992684475321468,0.9989160017684408,0.9999974260677994,0.0004995505650452326,0.00256365790918813,5,3,4272,7253,
GoogleCluster,main,BalancedRF,42,T_Full,1df03e82c63264fb07058f01,48467,11533,,9.890627200000381,0,0,0.9992982456140351,0.9988309562777647,0.999305506727285,0.9989160343710058,0.9999965016109835,0.0006565912309604323,0.003414260527760901,5,3,4272,7253,
GoogleCluster,main,MLP,42,T_Full,9da1bef1dce65ebcc828e2eb,48467,11533,,42.7709875380001,0,0,0.9971929824561403,0.9960280373831776,0.9974842386324193,0.9959354642078381,0.9997488088687236,0.0013896699044564208,0.0008895136602896997,17,12,4263,7241,
GoogleCluster,main,LogReg,42,T_Full,5fbd0da3b14e82f4e08402a3,48467,11533,,4.207346461999805,0,0,0.9143859649122807,0.9050706181986571,0.9162862437712945,0.8806806555882696,0.9691987600254046,0.03985103893302577,0.025882494326238393,410,366,3909,6848,
GoogleCluster,main,NaiveBayes,42,T_Full,8cab8ede52db26a9436b0cbf,48467,11533,,1.5613393339999675,0,0,0.8414035087719298,0.9239660929874133,0.8685704622084489,0.8176316538073658,0.9232977036312169,0.062356646993474096,0.030942428090768328,296,678,3597,6962,
GoogleCluster,main,KATS,7,T_Full,a9434c4f21da02daf620291d,47245,12755,0.7,240.15923160400007,0,0,1.0,0.9994311717861206,0.9997465148185664,0.999634495170011,0.999999640052847,0.00017948962433326238,0.0014997108792323803,3,0,5271,7481,
GoogleCluster,main,LightGBM,7,T_Full,818f8c1a9e372cfdb5820c4b,47245,12755,,6.155021796000256,0,0,1.0,0.9992417061611374,0.9996529468759475,0.9995126482210418,0.9999951962125664,0.00021607969676278017,0.0004548700270042666,4,0,5271,7480,
GoogleCluster,main,XGBoost,7,T_Full,9f254f606ce37aad42cc1ced,47245,12755,,5.936082003000138,0,0,0.9998102826788086,0.9988627748294162,0.9993026693865082,0.9990252724296215,0.999986926279582,0.0003649040634470517,0.0011209907499786361,6,1,5270,7478,
GoogleCluster,main,RandomForest,7,T_Full,ff9558a6355edd5685cfe81c,47245,12755,,9.545501914999932,0,0,0.9998102826788086,0.9994310639104874,0.9996801157089333,0.9995126624564346,0.9999994601782695,0.0033357389259114074,0.015455638311773169,3,1,5270,7481,
GoogleCluster,main,BalancedRF,7,T_Full,80119a2eec178b93df917f17,47245,12755,,9.766092542000024,0,0,0.9994308480364257,0.9994308480364257,0.9994235145718183,0.9991472013150092,0.9999649636338579,0.004558540441656867,0.01859584476675812,3,3,5268,7481,
GoogleCluster,main,MLP,7,T_Full,09a07a7fee5bc6344f8bd0d5,47245,12755,,39.955606133999936,0,0,0.9967748055397457,0.998289948698461,0.9978630400724712,0.9965887932699071,0.9998190792331961,0.0011320607993516082,0.0011709784123801231,9,17,5254,7475,
GoogleCluster,main,LogReg,7,T_Full,11c6b891cf705f296c7d099b,47245,12755,,4.663497791999816,0,0,0.7622841965471447,0.9131818181818182,0.853725559958177,0.7907711272856937,0.9569958754741672,0.06639415453843686,0.058050196261300896,382,1253,4018,7102,
GoogleCluster,main,NaiveBayes,7,T_Full,3e7c50d398e431ca0e00144e,47245,12755,,1.5736014399999476,0,0,0.8523999241130715,0.935457006037893,0.8747515252832078,0.8234719162407372,0.9326309795408367,0.06569271337115802,0.04818458586624912,310,778,4493,7174,
GoogleCluster,main,KATS,13,T_Full,33921cdd73d7085551475b75,48010,11990,0.7,218.41842540900006,0,0,1.0,0.9984913793103448,0.9991421654290225,0.998704773127078,0.9999674308073789,0.000540269693362844,0.00047278085234012704,7,0,4633,7350,
GoogleCluster,main,LightGBM,13,T_Full,40daa99be83d77f1f73d6085,48010,11990,,6.378986772000189,0,0,1.0,0.9982762335703512,0.9990401516382464,0.99857521797955,0.9999921045307812,0.0005549236743659237,0.0007083759094077968,8,0,4633,7349,
GoogleCluster,main,XGBoost,13,T_Full,9d250fc804481045fbfa2653,48010,11990,,5.977593084000091,0,0,0.9997841571336067,0.9972012917115177,0.9989191119451332,0.9981865210329043,0.9999883718694763,0.0006050417814637724,0.0011765979705116662,13,1,4632,7344,
GoogleCluster,main,RandomForest,13,T_Full,cd1a221346e3dc9aaa286783,48010,11990,,9.61528601100008,0,0,0.9993524714008202,0.9980599267083423,0.9990914625482383,0.9984456856249448,0.9999730426355035,0.0022566360856269116,0.007133166527661939,9,3,4630,7348,
GoogleCluster,main,BalancedRF,13,T_Full,c014b79a6d8930ee27d1aced,48010,11990,,9.839211778999925,0,0,0.999136628534427,0.9971994829814735,0.9984375669313762,0.9974096866679003,0.9999533883162144,0.00229821795941062,0.007673894912427026,13,4,4629,7344,
GoogleCluster,main,MLP,13,T_Full,9389accc2da2f507012400a5,48010,11990,,19.979998352000166,0,0,0.9917979710770559,0.9847835405057865,0.9897317213648041,0.985483411802522,0.998915446382671,0.004839994903120613,0.002625614857470846,71,38,4595,7286,
GoogleCluster,main,LogReg,13,T_Full,c36b202493094047421562a6,48010,11990,,4.658652749000339,0,0,0.9225124109648176,0.9089749042960442,0.9184283557871803,0.8827122914521134,0.9692854028959682,0.039990350245245186,0.025200030107422652,428,359,4274,6929,
GoogleCluster,main,NaiveBayes,13,T_Full,05e508faf91aab496f96fb50,48010,11990,,1.5736006729998735,0,0,0.835096050075545,0.9271507308890486,0.8667376628888753,0.8131107364839651,0.9269788750478161,0.061812406407446285,0.024979265847836,304,764,3869,7053,
GoogleCluster,main,KATS,99,T_Full,0580c9744b3ced501fd9fd61,48015,11985,0.35,224.30280909400017,0,0,0.9997796871557612,0.998240211174659,0.9992433205688229,0.9988394369742027,0.9999953383563309,0.00047971757634707423,0.0003160995100669203,8,1,4538,7438,
GoogleCluster,main,LightGBM,99,T_Full,12afc2ea1ac22ca589f0155d,48015,11985,,6.261338963000071,0,0,0.9995593743115223,0.9982398239823982,0.9991719576396533,0.9987104817530424,0.999986827817753,0.0005302258878759993,0.0005764317492424278,8,2,4537,7438,
GoogleCluster,main,XGBoost,99,T_Full,f3a298e7660e06da1954a4a2,48015,11985,,5.984960672999932,0,0,0.9995593743115223,0.9980202375714914,0.9990313249902226,0.9984525826322703,0.9999422025154442,0.000651436886011698,0.0007143272948590195,9,2,4537,7437,
GoogleCluster,main,RandomForest,99,T_Full,06162f76e95b952bb1c68d24,48015,11985,,9.659612738000305,0,0,0.9993390614672836,0.9982394366197183,0.9991005938219044,0.9985815257770879,0.9999949420109193,0.0006087484355444306,0.0024847726324572343,8,3,4536,7438,
GoogleCluster,main,BalancedRF,99,T_Full,893db3ff6d01b85b79c3a5d1,48015,11985,,9.885574188999726,0,0,0.9991187486230447,0.9982390490865067,0.9990006773623161,0.9984526777271555,0.9999911347717626,0.0008229759421499097,0.003417605340008347,8,4,4535,7438,
GoogleCluster,main,MLP,99,T_Full,7e89e25472f7871e7fd22031,48015,11985,,34.24391053599993,0,0,0.9982374972460895,0.992552026286966,0.9957766665252613,0.9940659236903038,0.9997464671143714,0.0017125574852613406,0.0018071814049429558,34,8,4531,7412,
GoogleCluster,main,LogReg,99,T_Full,5c8dcb5ebdb5128018810714,48015,11985,,4.043634175999614,0,0,0.9125358008371888,0.9067425569176882,0.9179609844465482,0.8808487148975556,0.9705819862576202,0.03963614210417722,0.026833150902861896,426,397,4142,7020,
GoogleCluster,main,NaiveBayes,99,T_Full,b6aa571ec389cc09dfe39031,48015,11985,,1.5601780179999878,0,0,0.85635602555629,0.9270212258526115,0.880565800606743,0.8307151264315804,0.9287803010225828,0.059817805222760055,0.030289007734998152,306,652,3887,7140,
GoogleCluster,main,KATS,2026,T_Full,ea4b10f09da2fd963e68bbdc,48263,11737,0.3,246.52436737599965,0,0,1.0,0.9993393525655142,0.9997855477940104,0.9996016551262876,0.9994250613645239,0.0002063644609182517,0.0003040741355047483,3,0,4538,7196,
GoogleCluster,main,LightGBM,2026,T_Full,4243d41cf08c78993cbd5078,48263,11737,,6.358876992000205,0,0,0.999559277214632,0.9991189427312775,0.9995365335682793,0.9992032863853961,0.9999270187295302,0.0002655225626191247,0.0004090062693710367,4,2,4536,7195,
GoogleCluster,main,XGBoost,2026,T_Full,4a83216e1fae19f4476161d1,48263,11737,,6.2106957860000875,0,0,0.999559277214632,0.9986789960369881,0.9993590046733102,0.9989376926221251,0.9999584385520901,0.0003981606120441851,0.0009268881683804813,6,2,4536,7193,
GoogleCluster,main,RandomForest,2026,T_Full,696ab0ddf85b529dd67d13d4,48263,11737,,9.881656389,0,0,0.999559277214632,0.9991189427312775,0.9995365335682793,0.9992032863853961,0.9999795304896311,0.0006167277271307261,0.0024966629746386013,4,2,4536,7195,
GoogleCluster,main,BalancedRF,2026,T_Full,30cebb426c712da7fabc376b,48263,11737,,10.009180686000036,0,0,0.999118554429264,0.9988984357788059,0.9992529568110066,0.9988049907544683,0.999969564772791,0.0008014569310726762,0.0034423901621652244,5,4,4534,7194,
GoogleCluster,main,MLP,2026,T_Full,f12d2cd82a4aeed9c1ba843b,48263,11737,,24.780071489999955,0,0,0.9916262670780079,0.9946949602122016,0.9945325378955051,0.9916375111453709,0.9992134692776495,0.0032668417956375215,0.0036593391706614153,24,38,4500,7175,
GoogleCluster,main,LogReg,2026,T_Full,d1e2e6265eb12e64f2a7849d,48263,11737,,3.6365381589998833,0,0,0.9202291758483914,0.9068403908794789,0.9181459354428125,0.8821735759787434,0.9711264741467851,0.038899434216063324,0.02534288897001753,429,362,4176,6770,
GoogleCluster,main,NaiveBayes,2026,T_Full,fce55789f42a5556f866b32d,48263,11737,,1.6129895459998806,0,0,0.876377258704275,0.8276795005202914,0.834754776923429,0.7764898436776824,0.9300551316645862,0.0604037029868611,0.030917418902799077,828,561,3977,6371,
ITIncident,main,KATS,42,T_Full,d9113d37be59f389994eafaa,19702,5216,0.5,235.12797590299988,0,0,0.9536423841059603,0.04242781378903948,0.133166500842279,0.012379230628690396,0.1485570966482102,0.3272559918729579,0.4667002862839024,3250,7,144,1815,
ITIncident,main,LightGBM,42,T_Full,67373735996f71aa0d52b6ac,19702,5216,,2.343346093999571,0,0,0.7284768211920529,0.09674582233948989,0.36732354328744815,0.11012749964654567,0.26433766250327917,0.15767794533755197,0.2530447211600649,1027,41,110,4038,
ITIncident,main,XGBoost,42,T_Full,39ff49bb5dfbdbbc4d16aeea,19702,5216,,2.408469471999979,0,0,0.2119205298013245,0.7111111111111111,0.4550963237273944,0.19371741966345712,0.3256121528857901,0.033601015991888764,0.007404248841236506,13,119,32,5052,
ITIncident,main,RandomForest,42,T_Full,ba5dd420a7fcab502df9dd58,19702,5216,,3.761669659999825,0,0,0.19205298013245034,0.6041666666666666,0.4488414260077651,0.17924058139081867,0.2803529078879513,0.03693393571019534,0.014753064819809897,19,122,29,5046,
ITIncident,main,BalancedRF,42,T_Full,38ae6184ad38d6b15c393bc4,19702,5216,,1.7771108870001626,0,0,0.6622516556291391,0.11627906976744186,0.40264204320000485,0.14704328073438322,0.2911017563892875,0.1377103673422556,0.26384145148353877,760,51,100,4305,
ITIncident,main,MLP,42,T_Full,ac246e34351033d3115d2f48,19702,5216,,3.3702712690001135,0,0,0.0,0.0,0.3228528112846879,0.0,0.050612601488738314,0.038322057708302375,0.007223564562691197,0,151,0,5065,
ITIncident,main,LogReg,42,T_Full,bd291afb8f7d85b4c5c2d1bb,19702,5216,,0.41086133999988306,0,0,0.40397350993377484,0.046142208774583963,0.21997837926530647,0.0029201104846914294,0.042914290881583814,0.22033999525921316,0.39174477766724447,1261,90,61,3804,
ITIncident,main,NaiveBayes,42,T_Full,832d51ce922e79f1fefe83b9,19702,5216,,0.8816671170002337,0,0,0.0,0.0,0.3228528112846879,0.0,0.05285640321405532,0.03857470858494482,0.002502716861178396,0,151,0,5065,
ITIncident,main,KATS,7,T_Full,2e53a4e5ec69752993b33287,19865,5053,0.5,237.91908941400015,0,0,0.9256198347107438,0.03650586701434159,0.23451150861702738,0.0414322066029047,0.09682139940364279,0.3127597970386566,0.45355064261008,2956,9,112,1976,
ITIncident,main,LightGBM,7,T_Full,8f56ad890dde8e2e0fcd9974,19865,5053,,2.3386248140000134,0,0,0.6611570247933884,0.07428040854224698,0.34955227658287463,0.09752676794897663,0.1842133226259572,0.18011102578181537,0.2742537640793128,997,41,80,3935,
ITIncident,main,XGBoost,7,T_Full,f84a04c7c4e6cc69dbaa3606,19865,5053,,2.3908032100002856,0,0,0.049586776859504134,0.5,0.3752353496007166,0.07110000837193875,0.17846764591909325,0.03487768140838032,0.010706161126792714,6,115,6,4926,
ITIncident,main,RandomForest,7,T_Full,1a351e3ef2e30ff4a4dfbf4e,19865,5053,,3.7883747060000132,0,0,0.0743801652892562,0.45,0.3766172802994741,0.06444547797372324,0.14228363039907804,0.04165362682417033,0.021749384358246016,11,112,9,4921,
ITIncident,main,BalancedRF,7,T_Full,de9fb08ece936db7ec1c1f1b,19865,5053,,1.7985274780003238,0,0,0.6528925619834711,0.10533333333333333,0.3733146487907167,0.09925071931607854,0.16918421339765474,0.14943194549830793,0.27486108809295584,671,42,79,4261,
ITIncident,main,MLP,7,T_Full,fae44970a53b58891f9b0265,19865,5053,,6.616383080000105,0,0,0.0,0.0,0.3223982285811616,-0.0006378861169700212,0.07217422552981617,0.04011982320478824,0.013077892782333381,0,121,0,4932,
ITIncident,main,LogReg,7,T_Full,cac5f049861c4dc5c80eb7b8,19865,5053,,0.38849231900030645,0,0,0.49586776859504134,0.0468384074941452,0.29174129520495673,0.019246652763630134,0.05733039914468069,0.21452103483418172,0.3859099421792281,1221,61,60,3711,
ITIncident,main,NaiveBayes,7,T_Full,5171c97414df4c35d9928f95,19865,5053,,0.884514307000245,0,0,0.0,0.0,0.32246858077040974,0.0,0.05105363377107172,0.04003593283365884,0.006619181929120273,0,121,0,4932,
ITIncident,main,KATS,13,T_Full,206385d42dfcfdf580ab10a9,19979,4939,0.5,236.64519057299958,0,0,0.9523809523809523,0.03667481662591687,0.12229350626731285,0.021992403788953507,0.10989522109116982,0.32664495742519306,0.46915801171937127,3152,6,120,1661,
ITIncident,main,LightGBM,13,T_Full,49b3ae0310b522eb746cf91e,19979,4939,,2.366487294999388,0,0,0.6507936507936508,0.07714016933207903,0.3634154743406743,0.09926110898974327,0.147989216294817,0.16625725118480764,0.25979638418044354,981,44,82,3832,
ITIncident,main,XGBoost,13,T_Full,2c450e1465c3159e636498d3,19979,4939,,2.3796111929996187,0,0,0.023809523809523808,0.5,0.4095165889855415,0.1346281583916067,0.16986767460328886,0.03313527801831181,0.009270306799993874,3,123,3,4810,
ITIncident,main,RandomForest,13,T_Full,d1cdbb3f3664283508199c58,19979,4939,,3.7165522570003304,0,0,0.06349206349206349,0.3076923076923077,0.397614547562418,0.10095088156991949,0.13476020442673792,0.03831675964868371,0.026794328121440548,18,118,8,4795,
ITIncident,main,BalancedRF,13,T_Full,ab76c8213b2fe622a5067aad,19979,4939,,1.76540187899991,0,0,0.5793650793650794,0.09838274932614555,0.3761778798728462,0.11073392865423759,0.14201383917349472,0.1460351403535138,0.274553632474096,669,53,73,4144,
ITIncident,main,MLP,13,T_Full,65870d5a84058144a436dfd9,19979,4939,,4.772984462999375,0,0,0.0,0.0,0.32756900070006106,0.006656095387097216,0.08869014529363849,0.035880044444009454,0.011969442353020674,0,126,0,4813,
ITIncident,main,LogReg,13,T_Full,7a4e5cfa4b92d98827143dd1,19979,4939,,0.39549179900041054,0,0,0.49206349206349204,0.04028589993502274,0.22190096389532474,0.017469653281373954,0.034732245407282064,0.2210467314503847,0.397007730312916,1477,64,62,3336,
ITIncident,main,NaiveBayes,13,T_Full,81e5633957085ac4afd07441,19979,4939,,0.8845075019999058,0,0,0.0,0.0,0.32339449541284404,0.0,0.0439078846718722,0.036475632405646274,0.001838695046713681,0,126,0,4813,
ITIncident,main,KATS,99,T_Full,c6352fbee8375d5d89757384,20099,4819,0.5,236.8499476930001,0,0,0.9637681159420289,0.04083512434755911,0.16605730312267128,0.03040307432772038,0.12209286956427634,0.3219177948719326,0.4610114974094672,3124,5,133,1557,
ITIncident,main,LightGBM,99,T_Full,68577e733ee9ebba7dd54e90,20099,4819,,2.377487463999387,0,0,0.6884057971014492,0.0867579908675799,0.37350143385501156,0.11047941403385264,0.20203281407368737,0.16603794661905133,0.25577757748080426,1000,43,95,3681,
ITIncident,main,XGBoost,99,T_Full,5d38cfa269d6ba657b7867e3,20099,4819,,2.432032751999941,0,0,0.043478260869565216,0.75,0.361559148938231,0.051703232541999045,0.2189858400474097,0.03923135905069361,0.01328812208169671,2,132,6,4679,
ITIncident,main,RandomForest,99,T_Full,0dac74bc0fe0c2a4f698661b,20099,4819,,3.7404005360003794,0,0,0.050724637681159424,0.5833333333333334,0.36736531311751763,0.05676901612965646,0.18667637644367668,0.04323105584649353,0.02173773819834911,5,131,7,4676,
ITIncident,main,BalancedRF,99,T_Full,64e1caa54f3c98264c478b56,20099,4819,,1.8083832330003133,0,0,0.6086956521739131,0.11491108071135431,0.4129204984593891,0.16061938986918867,0.18610389342427003,0.14462320657572,0.26927513295506006,647,54,84,4034,
ITIncident,main,MLP,99,T_Full,6c3c4172066ae1282d575716,20099,4819,,4.962390710999898,0,0,0.0,0.0,0.32125577894850016,0.0,0.08100506488669688,0.043512717256897336,0.013928313776874604,0,138,0,4681,
ITIncident,main,LogReg,99,T_Full,04cf1dfc87f55e8360a13405,20099,4819,,0.38757143299972086,0,0,0.4492753623188406,0.04394046775336641,0.27462951312427536,0.019512659223600015,0.03801058703744566,0.2192963847071223,0.38546244940766616,1349,76,62,3332,
ITIncident,main,NaiveBayes,99,T_Full,93f23cedb75143836412f592,20099,4819,,0.8963814789995013,0,0,0.0,0.0,0.32125577894850016,0.0,0.04653488640485433,0.0440685523962732,0.010062250639571974,0,138,0,4681,
ITIncident,main,KATS,2026,T_Full,9f2a73c416886b0349a93950,19557,5361,0.5,235.36446791300023,0,0,0.9852941176470589,0.037253266611064775,0.11361312661958299,0.021049310395118925,0.1991306504126132,0.32522198999534435,0.4699812545309083,3463,2,134,1762,
ITIncident,main,LightGBM,2026,T_Full,36f14de064ba904e2023582a,19557,5361,,2.3084541799998988,0,0,0.8014705882352942,0.0936426116838488,0.3816205255683233,0.12155565808071767,0.2146090559753794,0.16081016211708068,0.2592901652132568,1055,27,109,4170,
ITIncident,main,XGBoost,2026,T_Full,d8af785f220df51993294b4f,19557,5361,,2.2896676360005586,0,0,0.029411764705882353,0.5,0.3879035714473365,0.09978198507030167,0.28803211385925,0.032737671828800434,0.006815599491050435,4,132,4,5221,
ITIncident,main,RandomForest,2026,T_Full,b3e761fc5e0f50efc24f4c56,19557,5361,,3.747819121000248,0,0,0.23529411764705882,0.6274509803921569,0.4519028743815381,0.1831726776739253,0.29806443418930095,0.037419644873413725,0.026337386622399084,19,104,32,5206,
ITIncident,main,BalancedRF,2026,T_Full,16c0f7230c075a71476558bd,19557,5361,,1.7491572039998573,0,0,0.7058823529411765,0.12371134020618557,0.3970640202578925,0.12698951584897378,0.2585660885033976,0.1395465782010951,0.26620546246740623,680,40,96,4545,
ITIncident,main,MLP,2026,T_Full,c6607145ac07eafabd787019,19557,5361,,4.483693244000278,0,0,0.0,0.0,0.32330995612771,0.0,0.0820010428263443,0.03671384266724699,0.008809761836746888,0,136,0,5225,
ITIncident,main,LogReg,2026,T_Full,932870af93e0738eca9e57e9,19557,5361,,0.41303637600049115,0,0,0.4411764705882353,0.048,0.2601355634433497,0.007177415874075721,0.04412801912148598,0.21521871959724073,0.3898413020333722,1190,76,60,4035,
ITIncident,main,NaiveBayes,2026,T_Full,1756a083aef5a6371bf0d16a,19557,5361,,0.8638943770001788,0,0,0.0,0.0,0.32330995612771,0.0,0.04593495018426504,0.03701704109935686,0.0027435500007531115,0,136,0,5225,
MultiCloud,main,KATS,42,T_Full,9d58da1b602ae16eaed4ea4b,800,200,0.5,9.208718013999714,0,0,0.3283582089552239,0.3283582089552239,0.3585685755619068,0.0402999062792877,0.3467454497564152,0.22365215568299396,0.0489835275749087,45,45,22,88,
MultiCloud,main,LightGBM,42,T_Full,c6676ee24256784ae8b407b3,800,200,,0.3534035530001347,0,0,0.31343283582089554,0.28,0.27386353342752917,-0.08773114286785932,0.32128166468969593,0.2739913268930677,0.21058566573443435,54,46,21,79,
MultiCloud,main,XGBoost,42,T_Full,2f4f24f9d8b11308db6f6d24,800,200,,0.7726661670003523,0,0,0.31343283582089554,0.2727272727272727,0.2792476675148431,-0.08031058929442203,0.311171216573644,0.2748983501900943,0.20618444371502845,56,46,21,77,
MultiCloud,main,RandomForest,42,T_Full,1ed3f7065478a4e7e45317fc,800,200,,0.6408588570002394,0,0,0.2835820895522388,0.2638888888888889,0.278609898966073,-0.07974356090428514,0.33395963206502294,0.2393031666666667,0.10934999999999999,53,48,19,80,
MultiCloud,main,BalancedRF,42,T_Full,62e1c844b0d3317ea1c6fbee,800,200,,0.8964656259995536,0,0,0.34328358208955223,0.30666666666666664,0.3039110452186805,-0.04248696891288861,0.32988735485283005,0.23576741666666665,0.09921666666666666,52,44,23,81,
MultiCloud,main,MLP,42,T_Full,63e4e5bfd05550919e6d7587,800,200,,0.19855303799977264,0,0,0.3582089552238806,0.2696629213483146,0.2776156674461759,-0.08027006751687904,0.3431752260708245,0.22214659296682973,0.021388463653440683,65,43,24,68,
MultiCloud,main,LogReg,42,T_Full,1328f749661b431f487091f4,800,200,,0.04919784499998059,0,0,0.3880597014925373,0.32098765432098764,0.32837318316614966,-0.0053644446111715816,0.34125919086744766,0.22390936566118722,0.04287932253080335,55,41,26,78,
MultiCloud,main,NaiveBayes,42,T_Full,fefe12d1932915e6196846dd,800,200,,0.09596422699996765,0,0,0.5373134328358209,0.3364485981308411,0.3197682553524149,0.0019885191160469162,0.3431746110699144,0.2238590710259076,0.03442503150369989,71,31,36,62,
MultiCloud,main,KATS,7,T_Full,cb14edf516033a8646d704fc,800,200,0.4,9.290395818000434,0,0,0.3787878787878788,0.36764705882352944,0.3590689088494181,0.04004799760011979,0.38172753958696143,0.2209065313369093,0.0367731207007253,43,41,25,91,
MultiCloud,main,LightGBM,7,T_Full,de510007ea985a7bbb77db88,800,200,,0.3585374240001329,0,0,0.2878787878787879,0.25675675675675674,0.3108837096587851,-0.03471545325035619,0.30920266219702497,0.26769365057942196,0.18422125067407222,55,47,19,79,
MultiCloud,main,XGBoost,7,T_Full,9cfb458e4b097d63f6d58093,800,200,,0.7503036919997612,0,0,0.3333333333333333,0.3055555555555556,0.3454659438728473,0.017696460707858575,0.30828822800625666,0.2677460852360605,0.16152937844550858,50,44,22,84,
MultiCloud,main,RandomForest,7,T_Full,a85330aa2afdc22d62525b1a,800,200,,0.6411390830007804,0,0,0.3484848484848485,0.3484848484848485,0.3549675863108699,0.032475811895297246,0.3553691826231357,0.22584175,0.07340000000000002,43,43,23,91,
MultiCloud,main,BalancedRF,7,T_Full,98bd7eb9acf8a1533b920909,800,200,,0.8941135450004367,0,0,0.3181818181818182,0.328125,0.3399152006912283,0.009900990099009799,0.3294248778801214,0.2313235,0.09588333333333332,43,45,21,91,
MultiCloud,main,MLP,7,T_Full,415e3c718792e74fd8ad73a4,800,200,,0.2683690920002846,0,0,0.30303030303030304,0.3389830508474576,0.3838866339101332,0.0847368618477814,0.36420967340392685,0.21762679221716727,0.054842232643005064,39,46,20,95,
MultiCloud,main,LogReg,7,T_Full,30784c72053e711fd64ea0c2,800,200,,0.05657164100011869,0,0,0.45454545454545453,0.38461538461538464,0.3801123855868382,0.07789189594422363,0.3751464560527234,0.21730481563189236,0.03350029477883696,48,36,30,86,
MultiCloud,main,NaiveBayes,7,T_Full,aba1cc1e3145f5ff2d7ea317,800,200,,0.0981908490002752,0,0,0.4393939393939394,0.3815789473684211,0.3897020151661841,0.08532013795171711,0.3801517849238323,0.21696857352419044,0.03680990973833151,47,37,29,87,
MultiCloud,main,KATS,13,T_Full,1ba555cabedde6dc4426ca4d,800,200,0.5,9.144140580000567,0,0,0.47761194029850745,0.34782608695652173,0.3327494858964353,0.016442675876567336,0.41227050169638246,0.21986648457031024,0.0530226031510923,60,35,32,73,
MultiCloud,main,LightGBM,13,T_Full,40a398e294e83b22758b5bb7,800,200,,0.3643672369998967,0,0,0.3283582089552239,0.3142857142857143,0.3048352809872841,-0.0425260631515787,0.32875682880498336,0.2743071298826907,0.19642876933839992,48,45,22,85,
MultiCloud,main,XGBoost,13,T_Full,90b94d0320568f6cffeebd93,800,200,,0.7451191280006242,0,0,0.29850746268656714,0.3125,0.28896635566864576,-0.06530627555422175,0.2944192404816164,0.2793786248050991,0.19997492128439864,44,47,20,89,
MultiCloud,main,RandomForest,13,T_Full,bf330ff2abc783051cb1027c,800,200,,0.6454782910004724,0,0,0.34328358208955223,0.35384615384615387,0.32511684004221325,-0.012449377531123629,0.3633985425552108,0.23338466666666666,0.09978333333333335,42,44,23,91,
MultiCloud,main,BalancedRF,13,T_Full,98ffaf28d5785c8443f069b2,800,200,,0.8933730489998197,0,0,0.34328358208955223,0.3150684931506849,0.27971467037753567,-0.07978404319136168,0.3734115216116201,0.23147708333333336,0.10231666666666667,50,44,23,83,
MultiCloud,main,MLP,13,T_Full,df19036f1b7b85fde16ea52f,800,200,,0.19586096799957886,0,0,0.6268656716417911,0.3559322033898305,0.3559780964765389,0.06163200960888826,0.3962507037270792,0.21931741831205442,0.018087937736239183,76,25,42,57,
MultiCloud,main,LogReg,13,T_Full,b30b363a7935314e14c71666,800,200,,0.04508500100018864,0,0,0.5522388059701493,0.3627450980392157,0.33438635956118473,0.024170544963218688,0.4058598872862046,0.2181148279969122,0.03164846786436442,65,30,37,68,
MultiCloud,main,NaiveBayes,13,T_Full,384a722318991847633dc4ea,800,200,,0.10342860499986273,0,0,0.6567164179104478,0.3333333333333333,0.28834786764319653,-0.0055153266048848515,0.33605653384132195,0.21898734123922228,0.02473816861575515,88,23,44,45,
MultiCloud,main,KATS,99,T_Full,a2880cb31d1762ad080a566a,800,200,0.5,9.127923330999693,0,0,0.5606060606060606,0.3894736842105263,0.38216817405833425,0.08597115564712488,0.4081708967134697,0.21758539622320563,0.0385097972240568,58,29,37,76,
MultiCloud,main,LightGBM,99,T_Full,d6a54edfe01a1e1cc789ee67,800,200,,0.38377469799979735,0,0,0.3939393939393939,0.3466666666666667,0.33328588254234565,0.002811621368322359,0.37135667817321294,0.2701442348871349,0.1797842849720425,49,40,26,85,
MultiCloud,main,XGBoost,99,T_Full,63f4583d4f6cd74db3ae32da,800,200,,0.7709651010000016,0,0,0.3787878787878788,0.36231884057971014,0.34777832911349454,0.025085305035809413,0.3363923541906264,0.2732360296002763,0.1820032854168676,44,41,25,90,
MultiCloud,main,RandomForest,99,T_Full,460914904e38434c78ad7dd7,800,200,,0.6545700749993557,0,0,0.36363636363636365,0.32,0.3031110316467012,-0.04217432052483594,0.32085424305405874,0.23512833333333333,0.08911666666666669,51,42,24,83,
MultiCloud,main,BalancedRF,99,T_Full,8a6f5004cfb46d218a2a5243,800,200,,0.8958299680007258,0,0,0.2878787878787879,0.3064516129032258,0.2807437320820036,-0.08018903308078906,0.32013222625381643,0.2376,0.10068333333333333,43,47,19,91,
MultiCloud,main,MLP,99,T_Full,b4c38318c2e92e288501f825,800,200,,0.17605448700032866,0,0,0.12121212121212122,0.20512820512820512,0.26216077828981055,-0.08862945305754732,0.2993897216093544,0.2230582151842844,0.008248581700681034,31,58,8,103,
MultiCloud,main,LogReg,99,T_Full,7cd890d5954be9f5dff1182b,800,200,,0.05292830599955778,0,0,0.5606060606060606,0.3894736842105263,0.38755565686630195,0.0934631953549353,0.4091308760967081,0.21804010313170072,0.03474170485286765,58,29,37,76,
MultiCloud,main,NaiveBayes,99,T_Full,2130d8e9903f03ba3ad186fe,800,200,,0.09535217000029661,0,0,0.5606060606060606,0.33636363636363636,0.3591086815881848,0.06402096593036322,0.3516454641777182,0.22165850438786322,0.0226209599264668,73,29,37,61,
MultiCloud,main,KATS,2026,T_Full,654ca2affbaf0e081ab0348c,800,200,0.5,9.152190992000214,0,0,0.4696969696969697,0.36904761904761907,0.3670831199863458,0.05561385099685212,0.3735816738341066,0.22086777367923602,0.03975298391059832,53,35,31,81,
MultiCloud,main,LightGBM,2026,T_Full,7f9933de33e126a9757bfbc8,800,200,,0.36241422799957945,0,0,0.3484848484848485,0.35384615384615387,0.3349460314459251,0.0024376523532719796,0.3609131739099981,0.2716751733900148,0.1928533133685141,42,43,23,92,
MultiCloud,main,XGBoost,2026,T_Full,d6c30671b93e8fa77161cbda,800,200,,0.7877234050001789,0,0,0.3181818181818182,0.3230769230769231,0.32990348123796603,-0.005062816426026684,0.3145891837973633,0.26882490947145593,0.18332928058768935,44,45,21,90,
MultiCloud,main,RandomForest,2026,T_Full,6a114fd4283c5ff0f562c016,800,200,,0.6464343850002479,0,0,0.3787878787878788,0.32051282051282054,0.3292547491641064,-0.0045730564510082505,0.35642760680216073,0.23183766666666666,0.08181666666666669,53,41,25,81,
MultiCloud,main,BalancedRF,2026,T_Full,f872110f18fd84f800034eee,800,200,,0.8844187340000644,0,0,0.3484848484848485,0.3108108108108108,0.3511488986186064,0.025268051285896376,0.3491693291485771,0.23100616666666668,0.08086666666666668,51,43,23,83,
MultiCloud,main,MLP,2026,T_Full,aafa1081b26990f8d15623f6,800,200,,0.18744032199992944,0,0,0.4393939393939394,0.37662337662337664,0.37897732840408,0.09285152003598596,0.38531026677696634,0.22104269364333515,0.02273450060054129,48,37,29,86,
MultiCloud,main,LogReg,2026,T_Full,1ac15b56f4bc2d31a398626b,800,200,,0.06597284899999067,0,0,0.45454545454545453,0.3448275862068966,0.34415231390441586,0.025742871060816186,0.3540114991398552,0.22065924838245995,0.03134727319932992,57,36,30,77,
MultiCloud,main,NaiveBayes,2026,T_Full,24b5bbddcbf745c6250afaa5,800,200,,0.10181546700005129,0,0,0.5454545454545454,0.375,0.3595233603722568,0.056038357806412864,0.37438684274176154,0.22181932059069634,0.02667839311056486,60,30,36,74,
CICIDS2017,main,KATS,42,T_Full,510416327f0bb2f8c624a68a,48000,12000,0.85,982.1834245600003,0,0,0.9399736147757256,0.2631578947368421,0.5523458889057182,0.2890836299784971,0.8730502585757913,0.13855781628359934,0.2410575097857887,3990,91,1425,6494,
CICIDS2017,main,LightGBM,42,T_Full,4e26d8318e4d1686ed4d15da,48000,12000,,13.119170062999729,0,0,0.9986807387862797,0.9940906106369009,0.9968712069904648,0.9956842240743188,0.9998871616871058,0.0007920650529945045,0.0007575167396494028,9,2,1514,10475,
CICIDS2017,main,XGBoost,42,T_Full,c6d872b9a5cdd9e66ef5c5ee,48000,12000,,13.289273806999518,0,0,0.9953825857519789,0.9953825857519789,0.9964886404514796,0.9948136909722399,0.9999508379940099,0.0007335529566894513,0.0005007787337481475,7,7,1509,10477,
CICIDS2017,main,RandomForest,42,T_Full,d3c4db4da2c672b7fb45adb8,48000,12000,,36.41474058699987,0,0,0.9887862796833773,0.9946914399469144,0.9940164818255539,0.9907566393567083,0.9997983291610842,0.001244190620084705,0.001384478362419864,8,17,1499,10476,
CICIDS2017,main,BalancedRF,42,T_Full,4bc8f521ac683f5c6ae54b54,48000,12000,,7.541745078000531,0,0,0.9920844327176781,0.9842931937172775,0.992652236994395,0.9876378546905525,0.9993894474393621,0.0026653336033950615,0.010002407407407418,24,12,1504,10460,
CICIDS2017,main,MLP,42,T_Full,f189efd6b5afeaa90ebed07f,48000,12000,,34.01308635799978,0,0,0.9650395778364116,0.9733865602129075,0.9821335165646858,0.9681927159006155,0.9967132062184606,0.0045694394162383994,0.004016935051524408,40,53,1463,10444,
CICIDS2017,main,LogReg,42,T_Full,1fb7e2bb9a3886d16078f005,48000,12000,,17.028026259999933,0,0,0.9709762532981531,0.7191011235955056,0.8539592547098341,0.7818198587399287,0.9582274671877015,0.034178858622182826,0.0501296209506464,575,44,1472,9909,
CICIDS2017,main,NaiveBayes,42,T_Full,eaefbcff236fa8c5a85b9a20,48000,12000,,6.6924043300005,0,0,0.0,0.0,0.3028980235237056,0.0,0.6267191273537945,0.06663593683854148,0.025451488212424905,0,1516,0,10484,
CICIDS2017,main,KATS,7,T_Full,8d88a8677cb691c55882c21c,48000,12000,0.85,1005.2533723360002,0,0,0.9453836150845254,0.2784373803140559,0.539621869223394,0.293759745705342,0.8989333807400152,0.1399209221239802,0.23443812017035603,3768,84,1454,6694,
CICIDS2017,main,LightGBM,7,T_Full,745ca38b2b3a13180db1bd0a,48000,12000,,13.649688923000213,0,0,0.9973992197659298,0.9903163331181407,0.9956846360394093,0.9935500966679262,0.9998514338994212,0.0010102144112934467,0.0010268765192829705,15,4,1534,10447,
CICIDS2017,main,XGBoost,7,T_Full,bf56368f97c6b1af67302d9c,48000,12000,,13.850158009000552,0,0,0.9960988296488946,0.993514915693904,0.9964592663070259,0.9947163719087107,0.9998563411359883,0.0007951570861626597,0.0008591106869903755,10,6,1532,10452,
CICIDS2017,main,RandomForest,7,T_Full,7f85661132aae460a73e9246,48000,12000,,36.30895038399922,0,0,0.9908972691807543,0.9934810951760105,0.9934217287052046,0.9908745412801164,0.999716802392595,0.001358936910885091,0.0016681602058634957,10,14,1524,10452,
CICIDS2017,main,BalancedRF,7,T_Full,f8c50d296baa185f7ce1009a,48000,12000,,7.632747956999992,0,0,0.9928478543563068,0.9801026957637997,0.9920320006463417,0.986252777779809,0.9990345566157753,0.0029304284722222224,0.010622222222222234,31,11,1527,10431,
CICIDS2017,main,MLP,7,T_Full,8222d1e7760ba5b9173d9339,48000,12000,,26.690075658999376,0,0,0.9609882964889467,0.9820598006644519,0.932692104304866,0.9347105024745618,0.9965791478893031,0.008495749459962216,0.005968629956327038,27,60,1478,10435,
CICIDS2017,main,LogReg,7,T_Full,9ca97be1b8b25fecec682ae5,48000,12000,,15.137900102999993,0,0,0.9772431729518856,0.7285506543868153,0.8538596804912739,0.7895298734088303,0.9734650014615707,0.03276393655307484,0.05059810764047253,560,35,1503,9902,
CICIDS2017,main,NaiveBayes,7,T_Full,68681d06eea31c1a410c5371,48000,12000,,6.619531540000025,0,0,0.0,0.0,0.3035254955363898,0.0,0.6487684764759689,0.06355899353684645,0.032628825290440026,0,1538,0,10462,
CICIDS2017,main,KATS,13,T_Full,c1510ed9796de8134a4447f1,48000,12000,0.85,998.8959644019997,0,0,0.9261786600496278,0.27627683197631386,0.5385828298295311,0.2861998640380693,0.8787246968403917,0.13955620679826375,0.2409259854830128,3911,119,1493,6477,
CICIDS2017,main,LightGBM,13,T_Full,bf06101e30c41bc6bedee57d,48000,12000,,13.483872230000088,0,0,0.9987593052109182,0.9919901417128774,0.9971445163554421,0.9952671810838694,0.9999053766367889,0.0007938320430516589,0.0009298885642800699,13,2,1610,10375,
CICIDS2017,main,XGBoost,13,T_Full,8f122a5368760ae63bd76895,48000,12000,,17.405104292000942,0,0,0.9968982630272953,0.9938157081014224,0.9971417259585279,0.9952617092687006,0.9998924645619444,0.0008019918929920963,0.0005053832074558341,10,5,1607,10378,
CICIDS2017,main,RandomForest,13,T_Full,fd9d8f68603feafb45ec85f6,48000,12000,,36.88038677499935,0,0,0.9882133995037221,0.9943820224719101,0.9941031202612836,0.9904875920430386,0.9990825169183936,0.0013674544574190514,0.0013709268310422072,9,19,1593,10379,
CICIDS2017,main,BalancedRF,13,T_Full,735aee1cb4942f8377f03700,48000,12000,,7.46738360100062,0,0,0.9906947890818859,0.9833743842364532,0.9928203365610083,0.9869205259618283,0.9987173537417907,0.0028543577256944447,0.01002104166666668,27,15,1597,10361,
CICIDS2017,main,MLP,13,T_Full,a65b76b60a4f6fd24e2828ee,48000,12000,,37.65448582600038,0,0,0.9751861042183623,0.9763975155279503,0.9459996874947021,0.9427327703813161,0.9948592039088275,0.008793242347937168,0.0055740323864469825,38,40,1572,10350,
CICIDS2017,main,LogReg,13,T_Full,8650c05bac12f40c1ea23741,48000,12000,,14.746471320999262,0,0,0.9708436724565757,0.7323350491343005,0.8541602026714245,0.7857013203514562,0.9664551353758477,0.03403086815890011,0.04872242671119498,572,47,1565,9816,
CICIDS2017,main,NaiveBayes,13,T_Full,8a9abaf3218d3a001c332caa,48000,12000,,6.563633802999902,0,0,0.0,0.0,0.30150325604041145,0.0,0.6380116488583628,0.06838741027519538,0.027130938885603913,0,1612,0,10388,
CICIDS2017,main,KATS,99,T_Full,d392e980c8749538d5da3543,47999,12001,0.85,990.0128454749993,0,0,0.9242618741976893,0.2763385146804836,0.5435238264257345,0.2932374175479685,0.876638659587178,0.13781862347604812,0.23188728108794898,3771,118,1440,6672,
CICIDS2017,main,LightGBM,99,T_Full,a031fad1d65d66f5cddf034a,47999,12001,,13.027513201001057,0,0,0.996790757381258,0.9942381562099872,0.9971180497285966,0.9950998209397995,0.9999535825709399,0.0007172142415798223,0.0007667434740843039,9,5,1553,10434,
CICIDS2017,main,XGBoost,99,T_Full,75b5a635df921c93ca0a4140,47999,12001,,13.134012255000926,0,0,0.9948652118100129,0.9974259974259975,0.997361904443105,0.9956692951934601,0.9999585062332029,0.0006511043154506485,0.0006022070996497473,4,8,1550,10439,
CICIDS2017,main,RandomForest,99,T_Full,b465608b5b9002372adea6d8,47999,12001,,36.40324018799947,0,0,0.9852374839537869,0.9974009096816114,0.9943316000167056,0.9904367632348333,0.9995773933694493,0.0013455328954401957,0.001570146932200098,4,23,1535,10439,
CICIDS2017,main,BalancedRF,99,T_Full,8b7238eda57ffd3dcae1ec82,47999,12001,,7.607446895999601,0,0,0.9884467265725289,0.9890815671162492,0.9941323932149148,0.9887444350017268,0.999091898921225,0.002764914034941533,0.010082770880204405,17,18,1540,10426,
CICIDS2017,main,MLP,99,T_Full,eddc5b7d6c06660be84938c6,47999,12001,,29.56419804000143,0,0,0.9608472400513479,0.9822834645669292,0.9539188533069648,0.9473042073532387,0.9944989769066648,0.008265440818104633,0.005544308263523396,27,61,1497,10416,
CICIDS2017,main,LogReg,99,T_Full,430f45c267cee75da3ca52bb,47999,12001,,15.105295789999218,0,0,0.9749679075738126,0.7313432835820896,0.8565685021140248,0.7896930647692838,0.9646934124513936,0.033488110343499994,0.04916917591306402,558,39,1519,9885,
CICIDS2017,main,NaiveBayes,99,T_Full,e1ebed8a2dd388c4e02610dd,47999,12001,,6.60395361999872,0,0,0.0,0.0,0.3028677094701104,0.0,0.6398917190098524,0.06646511758976235,0.02599671146787143,0,1558,0,10443,
CICIDS2017,main,KATS,2026,T_Full,6ef6ad464cd23de03f77e402,48000,12000,0.85,998.8128364219992,0,0,0.9284818067754078,0.27170919772351754,0.5591734335421236,0.2934601933951453,0.8675844192093564,0.14032991306105927,0.24320550134638716,3967,114,1480,6439,
CICIDS2017,main,LightGBM,2026,T_Full,028299c9ca5e2b4875b70dca,48000,12000,,13.895287905001169,0,0,0.998745294855709,0.9937578027465668,0.9964302753228087,0.9952470694455343,0.9999365517349518,0.0007931729737914346,0.0009210496144301029,10,2,1592,10396,
CICIDS2017,main,XGBoost,2026,T_Full,7f65b86dec661e0315d0624f,48000,12000,,13.569641885998863,0,0,0.9956085319949812,0.9974858579509742,0.9969076290876114,0.9957981971184316,0.9999204096731583,0.0006876201089585577,0.0006850736069953898,4,7,1587,10402,
CICIDS2017,main,RandomForest,2026,T_Full,7f532d7527152e3e3be9e98e,48000,12000,,36.41614325199953,0,0,0.9880803011292346,0.9974667511082964,0.9936339846719764,0.9910052807434585,0.9995819081059077,0.0013565883175266002,0.0014374649630895103,4,19,1575,10402,
CICIDS2017,main,BalancedRF,2026,T_Full,ee037a9062c6c8c4049f8518,48000,12000,,7.547542847998557,0,0,0.9905897114178168,0.9912115505335845,0.9947231992254598,0.9907596246559536,0.9993440304424798,0.002596362461419753,0.010473148148148148,14,15,1579,10392,
CICIDS2017,main,MLP,2026,T_Full,d85d988cf3fc702642479125,48000,12000,,28.984880711999722,0,0,0.9711417816813049,0.9847328244274809,0.9456265680117322,0.9457110394753697,0.9927492393417094,0.008881301373342964,0.007442033003558383,24,46,1548,10382,
CICIDS2017,main,LogReg,2026,T_Full,fee905afe3b03263dab1d4c6,48000,12000,,15.4068378259999,0,0,0.9755332496863237,0.7397716460513797,0.8624871284342843,0.7967501855719489,0.9657524264213164,0.033071533151250866,0.04886173867439397,547,39,1555,9859,
CICIDS2017,main,NaiveBayes,2026,T_Full,ffd713e57ce7e7cffc218ec4,48000,12000,,6.605326601998968,0,0,0.0,0.0,0.3016698603887216,0.0,0.6538380676058958,0.06723259738103031,0.028703264806228413,0,1594,0,10406,
GoogleCluster,ablation,KATS,42,T_NoAsymLoss,bdabbc9b2fb7179b90ff3182,48467,11533,0.4,249.33131841899922,0,0,0.9997660818713451,0.9988315026875438,0.9994513345970192,0.9991869889851918,0.9999985778759852,0.00029507761936663804,0.0005199265815525376,5,1,4274,7253,
GoogleCluster,ablation,KATS,42,T_NoCalibNB,e8939e43ef65dbeba2d82b48,48467,11533,0.2,251.0452323949994,0,0,0.9997660818713451,0.9985981308411215,0.9993784298171287,0.9990514942147151,0.9999933692860212,0.0003000071383543128,0.0005311850893642312,6,1,4274,7252,
GoogleCluster,ablation,KATS,42,T_NoStacking,48a1f75ebfcaac0fe3188097,48467,11533,0.55,12.86795742600043,0,0,0.9992982456140351,0.9985974754558204,0.9992325458573138,0.9987804743936632,0.9999853309633713,0.0003776061820399713,0.0004662849815043944,6,3,4272,7252,
GoogleCluster,ablation,KATS,7,T_NoAsymLoss,a3dc69423c5849adde307102,47245,12755,0.65,230.10227332999966,0,0,1.0,0.9994311717861206,0.9997465148185664,0.999634495170011,0.999999640052847,0.0004121099399839196,0.0018180684666755306,3,0,5271,7481,
GoogleCluster,ablation,KATS,7,T_NoCalibNB,6884390ac53b51e57955ae94,47245,12755,0.7,218.8312032979993,0,0,1.0,0.9994311717861206,0.9997465148185664,0.999634495170011,0.9999996400528472,0.00020527879342802563,0.0017561365271022934,3,0,5271,7481,
GoogleCluster,ablation,KATS,7,T_NoStacking,e34e1928b856a6b61205e4a9,47245,12755,0.6,12.497488348000843,0,0,1.0,0.9992417061611374,0.9996529468759475,0.9995126482210418,0.9999951962125664,0.00021607969676278017,0.0004548700270042666,4,0,5271,7480,
GoogleCluster,ablation,KATS,13,T_NoAsymLoss,2538e81c96a4aa582f0e8175,48010,11990,0.6,228.46478144600042,0,0,0.9997841571336067,0.9984910541064884,0.9990717062156379,0.9985752473615906,0.9999268794424908,0.0005580543299177738,0.0004180610611280002,7,1,4632,7350,
GoogleCluster,ablation,KATS,13,T_NoCalibNB,ec1cf572015710ed1f553f60,48010,11990,0.75,219.9068707589995,0,0,1.0,0.9984913793103448,0.9991421654290225,0.998704773127078,0.9999699262274373,0.0005311752063827984,0.0004440005583022022,7,0,4633,7350,
GoogleCluster,ablation,KATS,13,T_NoStacking,10e764d361bd2a520971f7b9,48010,11990,0.55,12.797745605001182,0,0,1.0,0.9982762335703512,0.9990401516382464,0.99857521797955,0.9999921045307812,0.0005549236743659237,0.0007083759094077968,8,0,4633,7349,
GoogleCluster,ablation,KATS,99,T_NoAsymLoss,fc5b5d08362aa7bf3943663f,48015,11985,0.8,216.3606177499987,0,0,0.9995593743115223,0.9982398239823982,0.9991719576396533,0.9987104817530424,0.9999953375481401,0.00047903590427898177,0.00031843135688584655,8,2,4537,7438,
GoogleCluster,ablation,KATS,99,T_NoCalibNB,8295a9425d25bb1b073ae97a,48015,11985,0.6,204.22240555000099,0,0,0.9995593743115223,0.9982398239823982,0.9991719576396533,0.9987104817530424,0.9999957774312453,0.000484289006856859,0.00025541304668309415,8,2,4537,7438,
GoogleCluster,ablation,KATS,99,T_NoStacking,917b515940c231f891a6958c,48015,11985,0.3,12.694087967000087,0,0,0.9995593743115223,0.9980202375714914,0.999100632264021,0.9985815340795812,0.999986827817753,0.0005302258878759993,0.0005764317492424278,9,2,4537,7437,
GoogleCluster,ablation,KATS,2026,T_NoAsymLoss,576cde059aed4c5c4b3f7e05,48263,11737,0.5,238.8623172589996,0,0,0.999779638607316,0.9993392070484581,0.999714062053222,0.9994688719574825,0.999617661901485,0.0002201905994630464,0.0002513918571890684,3,1,4537,7196,
GoogleCluster,ablation,KATS,2026,T_NoCalibNB,886e169703d299cb78edb9be,48263,11737,0.3,235.52509307199944,0,0,1.0,0.9993393525655142,0.9997855477940104,0.9996016551262876,0.9995216606785695,0.0002070273542822596,0.00031884759335264076,3,0,4538,7196,
GoogleCluster,ablation,KATS,2026,T_NoStacking,7f756bfe24b2b0fa12d86682,48263,11737,0.5,12.817110051000782,0,0,0.999559277214632,0.9991189427312775,0.9995365335682793,0.9992032863853961,0.9999270187295302,0.0002655225626191247,0.0004090062693710367,4,2,4536,7195,
ITIncident,ablation,KATS,42,T_NoResampling,456ec405bbbc089417b65afa,19702,5216,0.5,111.14608891500029,0,0,0.9668874172185431,0.03942749122333243,0.12478535603226197,0.019237325553217555,0.29377106560440425,0.32221658168322814,0.4678840339732466,3557,5,146,1508,
ITIncident,ablation,KATS,42,T_NoAsymLoss,fe9cdb7d928f08b2f41b65d9,19702,5216,0.4,240.00514218900025,0,0,0.006622516556291391,0.5,0.32723996751526463,0.00850313196203245,0.24449404297896865,0.036467145997555114,0.004356949897416783,1,150,1,5064,
ITIncident,ablation,KATS,42,T_NoCalibNB,2e692786cf412ea55348aa31,19702,5216,0.5,232.36670742299975,0,0,0.9470198675496688,0.03639602952405192,0.0638726347066819,0.008827386197574394,0.15457377550926724,0.3435903173114212,0.48127938509439233,3786,8,143,1279,
ITIncident,ablation,KATS,42,T_NoStacking,1a7a291e4422de58b3efc90c,19702,5216,0.5,21.536448951999773,0,0,0.7682119205298014,0.07099143206854346,0.2438687443015132,0.034810757876300724,0.17508212651552113,0.32241925660795606,0.3862881560230826,1518,35,116,3547,
ITIncident,ablation,KATS,7,T_NoResampling,89a4b00ca3dfc50dfaba3a0f,19865,5053,0.5,106.55655487200056,0,0,0.9752066115702479,0.03646477132262052,0.17810261709155192,0.03620980066045232,0.20517021515564088,0.3191541082666152,0.4626790549905973,3118,3,118,1814,
ITIncident,ablation,KATS,7,T_NoAsymLoss,04907ab7871f5694a0f459df,19865,5053,0.3,236.88428451300024,0,0,0.06611570247933884,0.17391304347826086,0.35329136388414134,0.03286101536605601,0.12356360285815879,0.03941011930959628,0.00904990300332777,38,113,8,4894,
ITIncident,ablation,KATS,7,T_NoCalibNB,f4afbf77e081c11513c9b3af,19865,5053,0.5,236.27986782599874,0,0,0.9008264462809917,0.034482758620689655,0.229812341814855,0.03831413709249054,0.0943974226599347,0.31501518761177133,0.4529903748093241,3052,12,109,1880,
ITIncident,ablation,KATS,7,T_NoStacking,4b0305d870e47c2b2e5c98a4,19865,5053,0.5,21.406005991999336,0,0,0.7024793388429752,0.06163886874546773,0.24481139618117786,0.05166660548839297,0.14941654565561216,0.3382281265620209,0.4023703792257274,1294,36,85,3638,
ITIncident,ablation,KATS,13,T_NoResampling,6ccc24e20070aad3cf970599,19979,4939,0.5,114.07885320199966,0,0,0.9761904761904762,0.036197763390229544,0.16320091539991033,0.02545315909073731,0.14143605689178748,0.3258059982575329,0.4711469754188305,3275,3,123,1538,
ITIncident,ablation,KATS,13,T_NoAsymLoss,6d78bb94209927cead829634,19979,4939,0.3,239.4410886630012,0,0,0.09523809523809523,0.2926829268292683,0.3706627160295679,0.06360060094070619,0.14128933925661513,0.03473092371851512,0.007021991003835436,29,114,12,4784,
ITIncident,ablation,KATS,13,T_NoCalibNB,b87a08c5b0f0236e2f76b3a0,19979,4939,0.5,238.07524915700014,0,0,0.9523809523809523,0.03611194703581101,0.11569612269898699,0.02112728307425149,0.11026170179955441,0.33133596064810644,0.4730394885638806,3203,6,120,1610,
ITIncident,ablation,KATS,13,T_NoStacking,cf633ac20cd1d259b2e31b26,19979,4939,0.5,21.66937147600038,0,0,0.7301587301587301,0.06157965194109773,0.24088025834577184,0.044444134531156476,0.12234640731646182,0.32036320264468937,0.389187314168544,1402,34,92,3411,
ITIncident,ablation,KATS,99,T_NoResampling,419210c6b039d38270010e00,20099,4819,0.5,108.11196505100088,0,0,0.9565217391304348,0.03847274846983387,0.1595067064159239,0.03274403342601773,0.19557553454085644,0.3221623767384736,0.4634459841470577,3299,6,132,1382,
ITIncident,ablation,KATS,99,T_NoAsymLoss,ffe9c8300cd544d64c0ca968,20099,4819,0.25,241.64776992099905,0,0,0.15942028985507245,0.41509433962264153,0.39786726208808126,0.10857199869487955,0.1810160265318333,0.04191823843796578,0.010717617831910326,31,116,22,4650,
ITIncident,ablation,KATS,99,T_NoCalibNB,0e7d73c269e61e14b2ea6917,20099,4819,0.5,237.61554264700135,0,0,0.9637681159420289,0.044541192230408574,0.23883237790168543,0.04667675646783365,0.12556270374254283,0.30538593033558825,0.4445270522705327,2853,5,133,1828,
ITIncident,ablation,KATS,99,T_NoStacking,63e19aac34d7430f50d95b2d,20099,4819,0.5,22.121737767000013,0,0,0.7898550724637681,0.07522429261559696,0.2640423731352635,0.06086477236989385,0.1445802975693151,0.3166092079667155,0.3836640130337414,1340,29,109,3341,
ITIncident,ablation,KATS,2026,T_NoResampling,a156c81be224b1323e4c3529,19557,5361,0.5,110.81925755500015,0,0,0.9926470588235294,0.03643724696356275,0.17073008590708905,0.027677926653283724,0.32692648658929746,0.3161497320878093,0.46340818999675926,3570,1,135,1655,
ITIncident,ablation,KATS,2026,T_NoAsymLoss,4abced11fa22a6a25af45a50,19557,5361,0.45,238.60152106799978,0,0,0.0,0.0,0.327086338080474,0.006080111048783476,0.22857699714090354,0.03515128174925901,0.005899103281398981,0,136,0,5225,
ITIncident,ablation,KATS,2026,T_NoCalibNB,811ccb7d010c30af3bec961d,19557,5361,0.5,233.67699233500025,0,0,0.9779411764705882,0.04301423027166882,0.16975499382519602,0.03132187540388198,0.19311976767785619,0.30491262453087,0.4540781185775978,2959,3,133,2266,
ITIncident,ablation,KATS,2026,T_NoStacking,51c2559297d9465789582460,19557,5361,0.5,21.24535528600063,0,0,0.8382352941176471,0.07317073170731707,0.241333290593407,0.047245056427134946,0.15836018405674326,0.3300522634670103,0.3980432984358311,1444,22,114,3781,
MultiCloud,ablation,KATS,42,T_NoAsymLoss,2f4de4bd225140ab9ba62681,800,200,0.5,9.285361715999898,0,0,0.31343283582089554,0.3088235294117647,0.35970431232327843,0.04019196160767857,0.3478583921781808,0.22356196156364377,0.05110041307804162,47,46,21,86,
MultiCloud,ablation,KATS,42,T_NoCalibNB,f0cadf97501e94ea124aa3fc,800,200,0.5,8.847812134001288,0,0,0.3582089552238806,0.34285714285714286,0.35300116463569703,0.03280224929709463,0.3425504455871033,0.2234008299036979,0.046102469109139656,46,43,24,87,
MultiCloud,ablation,KATS,42,T_NoStacking,894fd9a343d2c05024edcc38,800,200,0.5,0.7268645460007974,0,0,0.31343283582089554,0.28,0.27386353342752917,-0.08773114286785932,0.32128166468969593,0.2739913268930677,0.21058566573443435,54,46,21,79,
MultiCloud,ablation,KATS,7,T_NoAsymLoss,9e6f0be6757566e50b91d74d,800,200,0.35,9.27101676699931,0,0,0.5151515151515151,0.43037974683544306,0.4050872711792252,0.1154091232804828,0.39435451716449965,0.21938661959044334,0.0339057140728116,45,32,34,89,
MultiCloud,ablation,KATS,7,T_NoCalibNB,d3858e9b2b4efb4a11661431,800,200,0.4,8.934574115000942,0,0,0.4090909090909091,0.39705882352941174,0.404613910937256,0.10754462276886156,0.3873983810354343,0.22020189589698178,0.03861249826816791,41,39,27,93,
MultiCloud,ablation,KATS,7,T_NoStacking,d18351fc2ad90e43954fe3a7,800,200,0.5,0.7170938719991682,0,0,0.2878787878787879,0.25675675675675674,0.3108837096587851,-0.03471545325035619,0.30920266219702497,0.26769365057942196,0.18422125067407222,55,47,19,79,
MultiCloud,ablation,KATS,13,T_NoAsymLoss,2b7d28cf543a8ab20b10ad04,800,200,0.5,9.442195682000602,0,0,0.4925373134328358,0.358695652173913,0.34200623645684686,0.03149517624535447,0.41040151194503394,0.21959088571334776,0.048275447427077844,59,34,33,74,
MultiCloud,ablation,KATS,13,T_NoCalibNB,d83d1f2441cd216bc11b3fc9,800,200,0.5,8.944655707000493,0,0,0.4626865671641791,0.33695652173913043,0.3241483758542268,0.0015389812694717175,0.4077432141748345,0.21916442241973716,0.039375386347940945,61,36,31,72,
MultiCloud,ablation,KATS,13,T_NoStacking,b04ee2e9341f70f1c264390d,800,200,0.85,0.7153335660004814,0,0,0.3283582089552239,0.3142857142857143,0.3048352809872841,-0.0425260631515787,0.32875682880498336,0.2743071298826907,0.19642876933839992,48,45,22,85,
MultiCloud,ablation,KATS,99,T_NoAsymLoss,38cec962213b0a04b4ef7c93,800,200,0.5,9.301369165001233,0,0,0.5909090909090909,0.38613861386138615,0.38548213307897483,0.09366690386127863,0.40249683958422067,0.2161000069175162,0.03436671019812706,62,27,39,72,
MultiCloud,ablation,KATS,99,T_NoCalibNB,ba2f13f2f7753851f6b1168e,800,200,0.5,8.854635682000662,0,0,0.5454545454545454,0.3711340206185567,0.37262699942763705,0.07105667303442342,0.39388975308854046,0.21707815516460782,0.03545023897867219,61,30,36,73,
MultiCloud,ablation,KATS,99,T_NoStacking,dafd3fc790551e8d277f0815,800,200,0.65,0.730610261000038,0,0,0.3939393939393939,0.3466666666666667,0.33328588254234565,0.002811621368322359,0.37135667817321294,0.2701442348871349,0.1797842849720425,49,40,26,85,
MultiCloud,ablation,KATS,2026,T_NoAsymLoss,4a63e95c5b6dd2be1c0cfda1,800,200,0.5,9.311407372000758,0,0,0.45454545454545453,0.379746835443038,0.3729858847231136,0.062933393305596,0.37918108509784443,0.22001551910092365,0.04338096469245257,49,36,30,85,
MultiCloud,ablation,KATS,2026,T_NoCalibNB,359b2a5b6586dcf7fafb627a,800,200,0.5,8.83039359400027,0,0,0.4393939393939394,0.34523809523809523,0.36343465391621127,0.0481187228301605,0.3652062623331658,0.22041511290692592,0.05063508014974558,55,37,29,79,
MultiCloud,ablation,KATS,2026,T_NoStacking,5f762e48c6c66e97b157b87c,800,200,0.8,0.7602556159999949,0,0,0.3484848484848485,0.35384615384615387,0.3349460314459251,0.0024376523532719796,0.3609131739099981,0.2716751733900148,0.1928533133685141,42,43,23,92,
CICIDS2017,ablation,KATS,42,T_NoResampling,78fcc815be22e82e794c1a8f,48000,12000,0.85,639.8680050039984,0,0,0.9393139841688655,0.26591970121381886,0.560381062678106,0.29536314150226595,0.8714265559449983,0.13655565021365484,0.2351553119926367,3931,92,1424,6553,
CICIDS2017,ablation,KATS,42,T_NoAsymLoss,ed78b204dd19aa4f933f5b22,48000,12000,0.6,1025.4806448460004,0,0,0.8146437994722955,0.9250936329588015,0.6392228288111117,0.7062595718480418,0.8400946988362037,0.0788914198753915,0.11508636245693034,100,281,1235,10384,
CICIDS2017,ablation,KATS,42,T_NoCalibNB,e260a3ab8a921905e559a93b,48000,12000,0.85,979.0636036970027,0,0,0.9386543535620053,0.2584453323646931,0.5291547317718764,0.27343470781166257,0.8726352204840543,0.13948736166440337,0.24281389876742368,4083,93,1423,6401,
CICIDS2017,ablation,KATS,42,T_NoStacking,86aa39168458a72b3f1905bc,48000,12000,0.6,49.29064691899839,0,0,0.9980211081794196,0.9895356442119032,0.9958642145918605,0.9933905361673693,0.9998440082218323,0.0011717512836969478,0.001142145761295053,16,3,1513,10468,
CICIDS2017,ablation,KATS,7,T_NoResampling,c93cfa289851076095e41e5f,48000,12000,0.85,638.1589116850009,0,0,0.9453836150845254,0.27506621263715475,0.5374004222604359,0.28938125039932727,0.8986887972254762,0.13862508234920384,0.23161646380753684,3832,84,1454,6630,
CICIDS2017,ablation,KATS,7,T_NoAsymLoss,098b39ba27f9f9ba4da94365,48000,12000,0.65,1010.3801027310001,0,0,0.8322496749024707,0.9149392423159399,0.6435394609551913,0.7252796111187638,0.8674023943763244,0.0775404721211169,0.11929870837972982,119,258,1280,10343,
CICIDS2017,ablation,KATS,7,T_NoCalibNB,0b99dc1b7b5a781d0aef073c,48000,12000,0.85,1020.5379425539977,0,0,0.9460338101430429,0.26914539400665927,0.5213017043658553,0.27588613908582094,0.8953035833330522,0.1430447396206062,0.24057398340756328,3951,83,1455,6511,
CICIDS2017,ablation,KATS,7,T_NoStacking,3c6541d006c58b95941d72da,48000,12000,0.8,50.82926915999997,0,0,0.9993498049414824,0.9896973599484868,0.9955412644704938,0.9938527001575466,0.9998653767918393,0.0010922512850286344,0.0012948669508651934,16,1,1537,10446,
CICIDS2017,ablation,KATS,13,T_NoResampling,f36745ea4e02d56c83cb43a8,48000,12000,0.85,647.4958674510017,0,0,0.9267990074441688,0.2738771769019248,0.5399662411952767,0.2846522523143519,0.8787305257289334,0.1409346264398529,0.24748895138813756,3961,118,1494,6427,
CICIDS2017,ablation,KATS,13,T_NoAsymLoss,914d9b39f6928266b0a5e11f,48000,12000,0.6,1038.2764895049986,0,0,0.8107940446650124,0.9342387419585418,0.6405310950057288,0.7159904767721319,0.8420340448634942,0.0785832385370965,0.11154385482396306,92,305,1307,10296,
CICIDS2017,ablation,KATS,13,T_NoCalibNB,c8d5877d9538cb1be71d3f0e,48000,12000,0.85,1000.8446826750005,0,0,0.9261786600496278,0.27364369501466274,0.5401596278433313,0.284479177777583,0.8803141911378104,0.140220270586144,0.24546235299531824,3963,119,1493,6425,
CICIDS2017,ablation,KATS,13,T_NoStacking,db7db013f851c7c338a1af35,48000,12000,0.8,51.27987109999958,0,0,0.999379652605459,0.9859241126070991,0.9953464174662031,0.9922212376325781,0.9997860765115267,0.0013782770010047833,0.0015093546155096457,23,1,1611,10365,
CICIDS2017,ablation,KATS,99,T_NoResampling,5120effd93d2269ec05f0dba,47999,12001,0.85,656.0836913370003,0,0,0.9261874197689345,0.26193501542929754,0.5321640337321302,0.27380846911345347,0.8695541260774317,0.14528684229009772,0.2546049731610796,4066,115,1443,6377,
CICIDS2017,ablation,KATS,99,T_NoAsymLoss,7a66edb657d5f50c0aadd271,47999,12001,0.6,1040.9285661989998,0,0,0.8157894736842105,0.9485074626865672,0.638322063743166,0.7240085013629971,0.8529034340631129,0.07609014783070993,0.10692864259362789,69,287,1271,10374,
CICIDS2017,ablation,KATS,99,T_NoCalibNB,075898308c55d368d1fa0a76,47999,12001,0.85,980.2256533070031,0,0,0.9223363286264442,0.2670011148272018,0.5401681035843194,0.2823727828122794,0.8766922208411296,0.14043237267110875,0.24225732824801796,3945,121,1437,6498,
CICIDS2017,ablation,KATS,99,T_NoStacking,47b1a38e4e74b8e7a1fabb72,47999,12001,0.85,50.34700389799764,0,0,0.9974326059050064,0.9904397705544933,0.9965048394644894,0.9936675701459637,0.9999183125428913,0.0010219353473286475,0.001025832409236802,15,4,1554,10428,
CICIDS2017,ablation,KATS,2026,T_NoResampling,a8ffde12ae584000108e5e6a,48000,12000,0.85,643.2868849499973,0,0,0.9284818067754078,0.26661862727436497,0.5467124772631915,0.28248772998144034,0.8626622229813982,0.14041048586235472,0.24267080910443573,4071,114,1480,6335,
CICIDS2017,ablation,KATS,2026,T_NoAsymLoss,e3b1f6bfdaab71332dc8df6e,48000,12000,0.6,1053.8429081310023,0,0,0.7979924717691342,0.9318681318681319,0.6560264049317868,0.7106936556477841,0.8357702821249003,0.07531062489607052,0.10091018007497154,93,322,1272,10313,
CICIDS2017,ablation,KATS,2026,T_NoCalibNB,e5cebf9a76d1669b18da2800,48000,12000,0.85,1027.3279846250007,0,0,0.9278544542032622,0.27343316694398223,0.5610213847875727,0.29610327061823416,0.8729634058669542,0.1373859965115925,0.2348178852807855,3930,115,1479,6476,
CICIDS2017,ablation,KATS,2026,T_NoStacking,bebd401a185e8c50793201c6,48000,12000,0.7,52.46144568899763,0,0,0.998745294855709,0.9925187032418953,0.9969083939542757,0.9952509982448248,0.9999178585566761,0.0008390109541445153,0.0008815046247492163,12,2,1592,10394,
GoogleCluster,collection_grouped,KATS,42,T_Full,4e34b3bb266bbfa924134ed0,49944,10056,0.45,265.3034344609987,0,0,0.9749865519096288,0.9778796870785001,0.9817896343602661,0.9727893972710971,0.996034797605499,0.009588420127993765,0.010686847922932443,82,93,3625,6256,
GoogleCluster,collection_grouped,LightGBM,42,T_Full,a2ec41e161ce670dfa970d71,49944,10056,,6.6640733829990495,0,0,0.9792899408284024,0.9837881653607133,0.9856292747212795,0.9786134492771629,0.9962014644920518,0.00791848219943084,0.0070796960330182955,60,77,3641,6278,
GoogleCluster,collection_grouped,RandomForest,42,T_Full,b6e3f6bbfaade0f34a3c392e,49944,10056,,10.022858110001835,0,0,0.9760623991393222,0.9755376344086022,0.9802675553680443,0.9719908658787264,0.9930061722232032,0.015263149695041101,0.04003811986210556,91,89,3629,6247,
GoogleCluster,collection_grouped,KATS,7,T_Full,c80d618eccbf1ad755d02d29,47025,12975,0.15,256.4376891920001,0,0,0.9987625950150256,0.9491012934654796,0.9764571693733677,0.9630742372664575,0.9588467897895464,0.014358483405619928,0.012989501726200668,303,7,5650,7015,
GoogleCluster,collection_grouped,LightGBM,7,T_Full,c2633d321909f312a06e7fc1,47025,12975,,6.410383384998568,0,0,0.992929114371575,0.958041958041958,0.9781640562624826,0.9659862785796242,0.9849696503450139,0.013099810112371331,0.012961201677490817,246,40,5617,7072,
GoogleCluster,collection_grouped,RandomForest,7,T_Full,40747fa5008ce69b07317070,47025,12975,,9.369084312002087,0,0,0.8331270991691709,0.9505849132714804,0.9140776887344612,0.8607311309257499,0.9847245743020234,0.032036089916506104,0.07307668593448942,245,944,4713,7073,
GoogleCluster,collection_grouped,KATS,13,T_Full,90705216ceffabb94e69c246,51546,8454,0.15,271.92057225499957,0,0,0.9078702747366246,0.9602359624207997,0.8941942034971272,0.8705632932996572,0.9746858049637759,0.043837510259981824,0.0391347772285618,182,446,4395,3431,
GoogleCluster,collection_grouped,LightGBM,13,T_Full,daffd6be3f6168fb3ef15bf4,51546,8454,,7.07480515700081,0,0,0.9735591819871927,0.9677618069815195,0.9553703701349306,0.9394492659945928,0.9926817389686559,0.022069052336885005,0.02616019781475232,157,128,4713,3456,
GoogleCluster,collection_grouped,RandomForest,13,T_Full,34cac847705852b5588f8a1a,51546,8454,,10.132686318997003,0,0,0.974385457550093,0.964227309893704,0.952796545323714,0.9364333903989837,0.9939853324124232,0.024336351628420475,0.03512617301474649,175,124,4717,3438,
ITIncident,availability_FINAL6_CAT,LightGBM,42,T_Full,c81b2caa292bdc5a96c501e0,19702,5216,,2.0531264409983123,1202,0,0.7417218543046358,0.0771881461061337,0.33957346117994597,0.09236467644629431,0.2477278990609349,0.196220658398962,0.30673068340583964,1339,39,112,3726,
ITIncident,availability_FINAL6_CAT,LogReg,42,T_Full,16e697404b2bc26ccae3473b,19702,5216,,0.23619936899922322,1202,0,0.3973509933774834,0.03592814371257485,0.15377129613130017,0.0033066382809816552,0.039607152447147756,0.22489214665263169,0.402699390452963,1610,91,60,3455,
ITIncident,availability_FINAL6_CAT,LightGBM,7,T_Full,7f71fa9ae7a8ce536f5014f2,19865,5053,,1.9884906389997923,1167,0,0.7024793388429752,0.0633855331841909,0.3129271063537142,0.07728216634892404,0.11643559291389352,0.20608195462332154,0.312777458544513,1256,36,85,3676,
ITIncident,availability_FINAL6_CAT,LogReg,7,T_Full,e8d2dc59a838251edde6a4fb,19865,5053,,0.2883119309990434,1167,0,0.45454545454545453,0.02956989247311828,0.1546573186007815,0.016041759121456,0.05891551657240072,0.22235672597095596,0.40035584990098955,1805,66,55,3127,
ITIncident,availability_FINAL6_CAT,LightGBM,13,T_Full,1db8c806ac70ebe7f7bf5382,19979,4939,,2.0319945650007867,1203,0,0.6111111111111112,0.055,0.31159301950705093,0.06470106612146564,0.11944912617518864,0.20902111915210386,0.3142302670189647,1323,49,77,3490,
ITIncident,availability_FINAL6_CAT,LogReg,13,T_Full,57df0629be21c9992dc65c59,19979,4939,,0.22601807600221946,1203,0,0.49206349206349204,0.03189300411522634,0.13015656849370716,0.011885525593028468,0.03074667379997072,0.2246444337929409,0.4048075802320632,1882,64,62,2931,
ITIncident,availability_FIRST_EVENT6,LightGBM,42,T_Full,a18d309f00500af658a7e140,19702,5216,,1.983738375001849,1125,0,0.7814569536423841,0.04701195219123506,0.2802689259750952,0.056208314278094806,0.2792027251960383,0.2360381801902677,0.3493041598685531,2392,33,118,2673,
ITIncident,availability_FIRST_EVENT6,LogReg,42,T_Full,d8d0a9b22b2415c518cfae7f,19702,5216,,0.22723822999978438,1125,0,0.5827814569536424,0.05524168236032643,0.09233914455360419,0.011744499173773626,0.049793721048103645,0.22732644336944072,0.4027317466070812,1505,63,88,3560,
ITIncident,availability_FIRST_EVENT6,LightGBM,7,T_Full,a5a54ce95c65363076e71732,19865,5053,,1.960861917999864,1127,0,0.7520661157024794,0.04113924050632911,0.28959098804687716,0.05748255465190477,0.14746778736722563,0.22890510146012333,0.3457354751554398,2121,30,91,2811,
ITIncident,availability_FIRST_EVENT6,LogReg,7,T_Full,ddd213b26acfad2e67e3c106,19865,5053,,0.2595599359992775,1127,0,0.49586776859504134,0.03888528839922229,0.08575610083551448,0.009185517934472864,0.040030945455312376,0.22785741963790918,0.40084813853463147,1483,61,60,3449,
ITIncident,availability_FIRST_EVENT6,LightGBM,13,T_Full,1c52763a9ca253c3766dd268,19979,4939,,2.0070439529990836,1128,0,0.6031746031746031,0.04264870931537598,0.2847441846187108,0.048869546274062925,0.12844047372074652,0.22924409602416979,0.3373949333544881,1706,50,76,3107,
ITIncident,availability_FIRST_EVENT6,LogReg,13,T_Full,719d6f13dbb8fe076a57dfee,19979,4939,,0.27738856799987843,1128,0,0.49206349206349204,0.036151603498542274,0.08575405954608532,0.008652894957409618,0.04207109131155745,0.22901011100469704,0.4054448242594643,1653,64,62,3160,
ITIncident,temporal_final_information_0.6,KATS,42,T_Full,bbf176712204563e00759914,20199,4719,0.5,230.71784836000006,786,0,0.9305555555555556,0.04279782816991377,0.1610598102479162,0.024067186503688887,0.059301711659961634,0.3665366512190921,0.486221693314685,2997,10,134,1578,
ITIncident,temporal_final_information_0.6,LightGBM,42,T_Full,0d462046100f3a46fdc1fd28,20199,4719,,2.46297174099891,786,0,0.6944444444444444,0.0784313725490196,0.345791189487823,0.07359347482468825,0.14346050641716568,0.1712377858825477,0.2509704824499226,1175,44,100,3400,
ITIncident,temporal_final_information_0.6,LogReg,42,T_Full,d7175a1799d4cdcd14bb06c9,20199,4719,,0.40800462499828427,786,0,0.5694444444444444,0.04449267498643516,0.24382876568220843,0.016798357940096653,0.038337844959601894,0.2573055206445617,0.4034379203746738,1761,62,82,2814,
ITIncident,temporal_final_information_0.6,KATS,7,T_Full,997f39ab72b39439621ed464,20199,4719,0.5,228.90141112499987,786,0,0.9097222222222222,0.04148195060164661,0.15477191856429015,0.020992417391394902,0.06073339972668585,0.36518175714582424,0.48519556847868195,3027,13,131,1548,
ITIncident,temporal_final_information_0.6,LightGBM,7,T_Full,64288ad8e3c38fab2af0d9d5,20199,4719,,2.4658865140008857,786,0,0.6944444444444444,0.0784313725490196,0.345791189487823,0.07359347482468825,0.14346050641716568,0.1712377858825477,0.2509704824499226,1175,44,100,3400,
ITIncident,temporal_final_information_0.6,LogReg,7,T_Full,81f98291714e83e69c29cf2e,20199,4719,,0.40824901100131683,786,0,0.5694444444444444,0.04449267498643516,0.24382876568220843,0.016798357940096653,0.038337844959601894,0.2573055206445617,0.4034379203746738,1761,62,82,2814,
ITIncident,temporal_final_information_0.6,KATS,13,T_Full,4a8db0ada38237c5980a764e,20199,4719,0.5,231.1741396849975,786,0,0.9305555555555556,0.043142305215711524,0.15931245508981134,0.023196882911182493,0.059349270253046565,0.36715541783463823,0.4857166245135717,2972,10,134,1603,
ITIncident,temporal_final_information_0.6,LightGBM,13,T_Full,580361a00bbe36d31c302ef1,20199,4719,,2.4996121939984732,786,0,0.6944444444444444,0.0784313725490196,0.345791189487823,0.07359347482468825,0.14346050641716568,0.1712377858825477,0.2509704824499226,1175,44,100,3400,
ITIncident,temporal_final_information_0.6,LogReg,13,T_Full,f9674875075d941e2a36ccfd,20199,4719,,0.4753188009999576,786,0,0.5694444444444444,0.04449267498643516,0.24382876568220843,0.016798357940096653,0.038337844959601894,0.2573055206445617,0.4034379203746738,1761,62,82,2814,
ITIncident,temporal_final_information_0.7,KATS,42,T_Full,bee232861e9e186ef6bda899,22704,2214,0.5,254.72125005199996,351,0,0.9868421052631579,0.04380841121495327,0.11201491647596613,0.018348537305547863,0.06502269749834089,0.40826263861103823,0.511151136150232,1637,1,75,501,
ITIncident,temporal_final_information_0.7,LightGBM,42,T_Full,1fab973ffc96981a6555d81a,22704,2214,,2.664826180000091,351,0,0.7105263157894737,0.06878980891719745,0.3333725840380501,0.06303798142184125,0.13829876286342335,0.19991679464037135,0.28205025961620617,731,22,54,1407,
ITIncident,temporal_final_information_0.7,LogReg,42,T_Full,b61c8d3e1d14eaaca91c92c5,22704,2214,,0.41446047999852453,351,0,0.7368421052631579,0.04409448818897638,0.20220748582993306,0.014476485388039473,0.035514616452577634,0.3165989492781456,0.430954929053285,1214,20,56,924,
ITIncident,temporal_final_information_0.7,KATS,7,T_Full,782b7308e21090a31b577d45,22704,2214,0.5,254.7016884069999,351,0,0.9605263157894737,0.043504171632896306,0.128309249924215,0.020812260494101453,0.07391483288154749,0.3988298978779721,0.5043578642482099,1605,3,73,533,
ITIncident,temporal_final_information_0.7,LightGBM,7,T_Full,94d4899b7e2514a3d27307a9,22704,2214,,2.606258963998698,351,0,0.7105263157894737,0.06878980891719745,0.3333725840380501,0.06303798142184125,0.13829876286342335,0.19991679464037135,0.28205025961620617,731,22,54,1407,
ITIncident,temporal_final_information_0.7,LogReg,7,T_Full,b687a7c7b42553f0b0ccaeb2,22704,2214,,0.4232886630015855,351,0,0.7368421052631579,0.04409448818897638,0.20220748582993306,0.014476485388039473,0.035514616452577634,0.3165989492781456,0.430954929053285,1214,20,56,924,
ITIncident,temporal_final_information_0.7,KATS,13,T_Full,732a8c9ba7d79ad5bdad1f91,22704,2214,0.5,253.5520842980004,351,0,0.9605263157894737,0.04274004683840749,0.1322980738473951,0.020390987335614508,0.07110758119307942,0.39628431819246274,0.5040004094386966,1635,3,73,503,
ITIncident,temporal_final_information_0.7,LightGBM,13,T_Full,f47ada5f3126b10ae23ebc98,22704,2214,,2.64411810099773,351,0,0.7105263157894737,0.06878980891719745,0.3333725840380501,0.06303798142184125,0.13829876286342335,0.19991679464037135,0.28205025961620617,731,22,54,1407,
ITIncident,temporal_final_information_0.7,LogReg,13,T_Full,0cb7f090d195ed8d9a478a41,22704,2214,,0.42571996100014076,351,0,0.7368421052631579,0.04409448818897638,0.20220748582993306,0.014476485388039473,0.035514616452577634,0.3165989492781456,0.430954929053285,1214,20,56,924,
ITIncident,temporal_final_information_0.8,KATS,42,T_Full,a80d17b5e2551f61d4125505,24144,774,0.5,284.6590396850006,15,0,0.9230769230769231,0.035346097201767304,0.12056572845363712,0.01643790756613628,0.03304685318076023,0.4271209192204468,0.5120843329321159,655,2,24,93,
ITIncident,temporal_final_information_0.8,LightGBM,42,T_Full,3533d02fdcda04589108b7ce,24144,774,,2.7791339680006786,15,0,0.5,0.06046511627906977,0.3243009575818507,0.02383476512520588,0.05219988841647862,0.1695707960678152,0.19731019373017902,202,13,13,546,
ITIncident,temporal_final_information_0.8,LogReg,42,T_Full,4981c2d919d835bef134c8c4,24144,774,,0.5915979220008012,15,0,0.5384615384615384,0.027184466019417475,0.16665298907486073,-0.012006108035884644,0.027879215321197547,0.40414372633702494,0.4428944954690482,501,12,14,247,
ITIncident,temporal_final_information_0.8,KATS,7,T_Full,c72f50cedfc575955901a905,24144,774,0.5,283.45645599800264,15,0,0.8846153846153846,0.03299856527977044,0.13564481578708015,0.014757399974470675,0.03789320076239733,0.42725090660590725,0.5118914374972544,674,3,23,74,
ITIncident,temporal_final_information_0.8,LightGBM,7,T_Full,7a667b854817bfe12e80a15b,24144,774,,2.7657149329970707,15,0,0.5,0.06046511627906977,0.3243009575818507,0.02383476512520588,0.05219988841647862,0.1695707960678152,0.19731019373017902,202,13,13,546,
ITIncident,temporal_final_information_0.8,LogReg,7,T_Full,7280a106c74c33a4077242d0,24144,774,,0.49078780099807773,15,0,0.5384615384615384,0.027184466019417475,0.16665298907486073,-0.012006108035884644,0.027879215321197547,0.40414372633702494,0.4428944954690482,501,12,14,247,
ITIncident,temporal_final_information_0.8,KATS,13,T_Full,805cb3fd0bbd14e97a8e2570,24144,774,0.5,282.63358468099614,15,0,0.8846153846153846,0.03318903318903319,0.11240998600456263,0.011415670312897475,0.03471720873232366,0.4409571805617181,0.5195929839042467,670,3,23,78,
ITIncident,temporal_final_information_0.8,LightGBM,13,T_Full,be952459a8a7505d06fdbcd6,24144,774,,2.785195352997107,15,0,0.5,0.06046511627906977,0.3243009575818507,0.02383476512520588,0.05219988841647862,0.1695707960678152,0.19731019373017902,202,13,13,546,
ITIncident,temporal_final_information_0.8,LogReg,13,T_Full,3b7637fc7e4bcf4185a3ade9,24144,774,,0.5004118270007893,15,0,0.5384615384615384,0.027184466019417475,0.16665298907486073,-0.012006108035884644,0.027879215321197547,0.40414372633702494,0.4428944954690482,501,12,14,247,
ITIncident,temporal_final_information_0.9,KATS,42,T_Full,6a34a0c7c9dcb11c538a6de6,24584,334,0.5,304.4381763279962,9,0,0.9230769230769231,0.04395604395604396,0.22083562327464767,0.04175964297099133,0.057634779495608024,0.41633743117334693,0.5014136952843476,261,1,12,60,
ITIncident,temporal_final_information_0.9,LightGBM,42,T_Full,55e5cd7a68ce63883aed668d,24584,334,,2.884820455998124,9,0,0.6923076923076923,0.07964601769911504,0.3483269990312244,0.07772751307208736,0.07151068000879877,0.20402614682832274,0.2634221069308638,104,4,9,217,
ITIncident,temporal_final_information_0.9,LogReg,42,T_Full,e46f55abf57b2278a921ea53,24584,334,,0.4629651900031604,9,0,0.9230769230769231,0.04669260700389105,0.12719060523938572,-0.011583622453015696,0.04072745426298785,0.4396205273412023,0.5211644366126262,245,1,12,76,
ITIncident,temporal_final_information_0.9,KATS,7,T_Full,409333f6758f2e8e80805f34,24584,334,0.5,310.51945236600295,9,0,1.0,0.045936395759717315,0.22969628818810595,0.045798603952522665,0.05665448346490998,0.4193195307841938,0.5075215684788398,270,0,13,51,
ITIncident,temporal_final_information_0.9,LightGBM,7,T_Full,7f53dd0f88ed2e1be163e485,24584,334,,2.873817550003878,9,0,0.6923076923076923,0.07964601769911504,0.3483269990312244,0.07772751307208736,0.07151068000879877,0.20402614682832274,0.2634221069308638,104,4,9,217,
ITIncident,temporal_final_information_0.9,LogReg,7,T_Full,017103fd790b0feafc28b54d,24584,334,,0.53498689999833,9,0,0.9230769230769231,0.04669260700389105,0.12719060523938572,-0.011583622453015696,0.04072745426298785,0.4396205273412023,0.5211644366126262,245,1,12,76,
ITIncident,temporal_final_information_0.9,KATS,13,T_Full,62ec4725ba208f0b124eb9d7,24584,334,0.5,309.9901152769962,9,0,0.9230769230769231,0.04225352112676056,0.20303665586684452,0.03654157027113358,0.052326318183409624,0.42126454824063825,0.5086682371231084,272,1,12,49,
ITIncident,temporal_final_information_0.9,LightGBM,13,T_Full,1e864677415a4c150618b7fa,24584,334,,2.9412412899982883,9,0,0.6923076923076923,0.07964601769911504,0.3483269990312244,0.07772751307208736,0.07151068000879877,0.20402614682832274,0.2634221069308638,104,4,9,217,
ITIncident,temporal_final_information_0.9,LogReg,13,T_Full,ceb1ab25230c4862b469ab60,24584,334,,0.5214179800022976,9,0,0.9230769230769231,0.04669260700389105,0.12719060523938572,-0.011583622453015696,0.04072745426298785,0.4396205273412023,0.5211644366126262,245,1,12,76,
ITIncident,temporal_first_event_matured_labels,LightGBM,42,T_Full,4bd243e823f8343de9c713c0,17583,4723,,1.7806896249967394,860,0,0.7611940298507462,0.048733874820831344,0.2568764766359963,0.02835926814629519,0.0894881312256887,0.24254445430335758,0.355848591033398,1991,32,102,2598,
ITIncident,temporal_first_event_matured_labels,LogReg,42,T_Full,ce3a51e958d317f46b74158f,17583,4723,,0.22137680699961493,860,0,0.40298507462686567,0.03956043956043956,0.10205694836223027,0.0037591562643710663,0.036898728284032845,0.2201452908282632,0.39183132637549384,1311,80,54,3278,
