row_id,stratum,rho,top1_match,top3_overlap
ITIncident:58165,High,0.7962962962962962,0,0.3333333333333333
ITIncident:79440,High,0.9722222222222221,1,1.0
ITIncident:62228,High,0.9814814814814815,1,1.0
ITIncident:4127,High,0.888888888888889,0,0.6666666666666666
ITIncident:112056,High,0.9814814814814815,1,1.0
ITIncident:136864,High,0.9814814814814815,1,1.0
ITIncident:89919,High,0.9444444444444444,1,0.6666666666666666
ITIncident:138645,High,0.9537037037037036,1,1.0
ITIncident:41630,High,0.9629629629629629,0,1.0
ITIncident:89137,High,0.9907407407407407,1,1.0
ITIncident:139660,High,0.5925925925925926,0,0.3333333333333333
ITIncident:93387,High,0.9814814814814815,1,0.6666666666666666
ITIncident:54262,High,1.0,1,1.0
ITIncident:140048,High,0.9166666666666666,0,0.6666666666666666
ITIncident:109973,High,1.0,1,1.0
ITIncident:75165,High,0.9814814814814815,1,0.6666666666666666
ITIncident:80888,High,0.9166666666666666,1,1.0
ITIncident:101225,High,0.9259259259259258,0,1.0
ITIncident:15319,High,0.9537037037037036,0,0.6666666666666666
ITIncident:92181,High,0.8981481481481481,1,0.6666666666666666
ITIncident:89840,High,0.9444444444444444,1,0.6666666666666666
ITIncident:96474,High,0.9537037037037036,1,1.0
ITIncident:16252,High,0.8148148148148148,1,0.6666666666666666
ITIncident:89866,High,0.9444444444444444,1,0.6666666666666666
ITIncident:114538,High,0.8425925925925924,1,0.3333333333333333
ITIncident:126068,High,0.9537037037037036,1,1.0
ITIncident:54326,High,0.888888888888889,0,0.6666666666666666
ITIncident:4522,High,0.861111111111111,1,0.6666666666666666
ITIncident:90058,High,0.9444444444444444,1,0.6666666666666666
ITIncident:119290,High,0.9444444444444444,1,1.0
ITIncident:90042,High,0.9444444444444444,1,0.6666666666666666
ITIncident:89356,High,0.9814814814814815,1,0.6666666666666666
ITIncident:89944,High,0.9444444444444444,1,0.6666666666666666
ITIncident:76874,High,0.9259259259259258,0,1.0
ITIncident:103564,High,1.0,1,1.0
ITIncident:109131,High,0.9814814814814815,1,0.6666666666666666
ITIncident:4113,High,0.9537037037037036,1,0.6666666666666666
ITIncident:89992,High,0.9444444444444444,1,0.6666666666666666
ITIncident:123285,High,0.9351851851851852,1,0.6666666666666666
ITIncident:112068,High,0.9907407407407407,0,1.0
ITIncident:89604,High,0.9444444444444444,1,0.6666666666666666
ITIncident:27180,High,0.8148148148148148,1,0.6666666666666666
ITIncident:98696,High,0.9166666666666666,1,1.0
ITIncident:91291,High,0.9907407407407407,1,1.0
ITIncident:89893,High,0.9444444444444444,1,0.6666666666666666
ITIncident:117432,High,0.9259259259259258,1,0.6666666666666666
ITIncident:116395,High,0.8333333333333333,0,0.3333333333333333
ITIncident:6982,High,0.9074074074074073,0,0.6666666666666666
ITIncident:4166,High,0.9444444444444444,0,1.0
ITIncident:127077,High,0.9259259259259258,0,0.6666666666666666
ITIncident:86896,nonHigh,0.8703703703703702,0,0.6666666666666666
ITIncident:76266,nonHigh,0.8240740740740741,1,0.6666666666666666
ITIncident:118727,nonHigh,0.9351851851851852,1,0.6666666666666666
ITIncident:122126,nonHigh,0.861111111111111,1,1.0
ITIncident:99884,nonHigh,0.8240740740740741,1,0.6666666666666666
ITIncident:68191,nonHigh,0.7962962962962962,0,0.6666666666666666
ITIncident:53502,nonHigh,0.8518518518518519,1,0.6666666666666666
ITIncident:59664,nonHigh,0.9074074074074073,1,0.6666666666666666
ITIncident:140578,nonHigh,0.9634703196347033,1,0.6666666666666666
ITIncident:72417,nonHigh,0.861111111111111,1,1.0
ITIncident:113039,nonHigh,0.8055555555555556,0,0.6666666666666666
ITIncident:1380,nonHigh,0.8055555555555556,1,0.6666666666666666
ITIncident:87627,nonHigh,0.9444444444444444,0,1.0
ITIncident:113555,nonHigh,0.861111111111111,1,1.0
ITIncident:112845,nonHigh,0.9074074074074073,1,1.0
ITIncident:41782,nonHigh,0.9166666666666666,1,0.6666666666666666
ITIncident:99201,nonHigh,0.8240740740740741,1,0.6666666666666666
ITIncident:16569,nonHigh,0.7407407407407406,0,0.3333333333333333
ITIncident:76368,nonHigh,0.9814814814814815,0,1.0
ITIncident:95520,nonHigh,0.8333333333333333,0,1.0
ITIncident:92362,nonHigh,0.8796296296296295,1,0.6666666666666666
ITIncident:111748,nonHigh,0.7592592592592593,1,0.6666666666666666
ITIncident:87875,nonHigh,0.9351851851851852,1,0.6666666666666666
ITIncident:49352,nonHigh,0.9074074074074073,1,0.6666666666666666
ITIncident:6432,nonHigh,0.6759259259259258,0,0.3333333333333333
ITIncident:25405,nonHigh,0.46363636363636374,1,0.6666666666666666
ITIncident:72326,nonHigh,0.9444444444444444,0,1.0
ITIncident:118291,nonHigh,0.9351851851851852,1,0.6666666666666666
ITIncident:115548,nonHigh,0.8148148148148148,0,0.6666666666666666
ITIncident:25347,nonHigh,0.8425925925925924,0,0.6666666666666666
ITIncident:141204,nonHigh,0.861111111111111,0,0.6666666666666666
ITIncident:38616,nonHigh,0.9722222222222221,0,0.6666666666666666
ITIncident:104129,nonHigh,0.9351851851851852,1,0.6666666666666666
ITIncident:14511,nonHigh,0.8240740740740741,1,0.6666666666666666
ITIncident:115051,nonHigh,0.8333333333333333,0,0.3333333333333333
ITIncident:74559,nonHigh,0.7685185185185185,0,0.6666666666666666
ITIncident:80120,nonHigh,0.9351851851851852,0,1.0
ITIncident:121915,nonHigh,0.9444444444444444,0,1.0
ITIncident:5646,nonHigh,0.7685185185185185,1,0.3333333333333333
ITIncident:87697,nonHigh,0.8796296296296295,0,0.6666666666666666
ITIncident:21010,nonHigh,0.9907407407407407,1,1.0
ITIncident:98081,nonHigh,0.8148148148148148,0,0.6666666666666666
ITIncident:114653,nonHigh,0.9537037037037036,1,1.0
ITIncident:88698,nonHigh,0.7129629629629629,0,0.6666666666666666
ITIncident:43217,nonHigh,0.8333333333333333,1,0.6666666666666666
ITIncident:6120,nonHigh,0.9259259259259258,1,0.6666666666666666
ITIncident:49596,nonHigh,0.8518518518518519,1,0.6666666666666666
ITIncident:85847,nonHigh,0.861111111111111,1,1.0
ITIncident:139278,nonHigh,0.9166666666666666,0,0.6666666666666666
ITIncident:35863,nonHigh,0.8796296296296295,1,0.6666666666666666
