dataset,model,TP_mean,TP_sd,TP_ci95,FP_mean,FP_sd,FP_ci95,FN_mean,FN_sd,FN_ci95,TN_mean,TN_sd,TN_ci95,Prec_mean,Prec_sd,Prec_ci95,Rec_mean,Rec_sd,Rec_ci95,F1_mean,F1_sd,F1_ci95,PRAUC_High_mean,PRAUC_High_sd,PRAUC_High_ci95
CICIDS2017,KATS,1449.2,5.761944116355173,7.154398568940232,3928.8,144.21581050633802,179.0675798774964,101.8,5.761944116355173,7.154398568940232,6520.2,144.21581050633802,179.0675798774964,0.26961952125668576,0.007000460113624049,0.00869221929394843,0.9343649258542875,0.0037149865353676274,0.004612765034777726,0.4184379103836293,0.008279649984937474,0.01028054330402522,0.8788496201999999,0.009889037839979133,0.01227886226277683
CICIDS2017,LightGBM,1547.8,3.1144823004794873,3.8671405455482244,10.4,2.073644135332772,2.574769267929082,3.2,3.1144823004794873,3.8671405455482244,10438.6,2.073644135332772,2.574769267929082,0.9933272107563036,0.0013201500180636918,0.0016391827496577381,0.9979368149580916,0.002008047904886851,0.002493320790166504,0.9956254322235761,0.0011530038928840181,0.0014316434235828771,0.999825296,9.096389173460263e-05,0.00011294658950336125
CICIDS2017,XGBoost,1545.0,2.1213203435596424,2.633967099255253,6.2,2.5884358211089573,3.2139675707319975,6.0,2.1213203435596424,2.633967099255253,10442.8,2.588435821108957,3.2139675707319966,0.9960060454865667,0.0016581025825090202,0.002058806282030141,0.9961315280464216,0.0013677113756026238,0.0016982379750195271,0.996067484498453,0.0008335093562748478,0.0010349385598524751,0.9998614713999998,7.938248354518701e-05,9.85663719060616e-05
CICIDS2017,RandomForest,1533.8,4.147288270665545,5.149538535858165,5.2,2.16794833886788,2.6918634023379058,17.2,4.147288270665544,5.149538535858164,10443.8,2.16794833886788,2.6918634023379058,0.9966212565459877,0.0014089814016339016,0.0017494814805474974,0.988910380399742,0.0026739447264123354,0.0033201408999730168,0.9927497546659328,0.001800223285524628,0.00223527244236403,0.9996528874000001,0.0001741969016481285,0.00021629402137512353
CICIDS2017,BalancedRF,1535.6,4.39317652729776,5.454849131699475,20.8,4.147288270665544,5.149538535858164,15.4,4.39317652729776,5.454849131699475,10428.2,4.147288270665544,5.149538535858164,0.986642681918936,0.0026170289482368787,0.0032494706272828008,0.9900709219858156,0.002832480030494989,0.003516988479496735,0.9883501705492399,0.0017084683331415535,0.002121343621333066,0.9991314506,0.00034401182207273863,0.00042714709442419937
CICIDS2017,MLP,1487.6,25.244801445050026,31.34556109612104,28.2,12.255610959882823,15.217350904878005,63.4,25.244801445050026,31.34556109612104,10420.8,12.255610959882823,15.217350904878005,0.9815079952453176,0.007657292042584461,0.009507783853009306,0.9591231463571889,0.01627646772730497,0.020209903994920057,0.9700870168560248,0.006773729493652297,0.008410696045839085,0.9946489148,0.002310584779290451,0.0028689699352425486
CICIDS2017,LogReg,1502.2,7.328028384224504,9.098949022506885,583.4,27.93385043276347,34.6844564135711,48.8,7.328028384224504,9.098949022506885,9865.6,27.93385043276347,34.6844564135711,0.7203684876484078,0.009729664281220383,0.012080973852600476,0.9685364281108961,0.004724712046566401,0.005866504850101137,0.8261918752086389,0.007103760733924155,0.008820483955167187,0.9657780932,0.0035109548121198173,0.004359426189529446
CICIDS2017,NaiveBayes,0.0,0.0,0.0,0.0,0.0,0.0,1551.0,0.0,0.0,10449.0,0.0,0.0,0.0,0.0,0.0,0.0,0.0,0.0,0.0,0.0,0.0,0.6270304538,0.008815038857767486,0.01094531639245714
GoogleCluster,KATS,4617.0,1.224744871391589,1.520721613791638,6.2,1.6431676725154984,2.0402621419747713,3.0,1.224744871391589,1.520721613791638,7373.8,1.6431676725154984,2.0402621419747713,0.9986590290165547,0.00035484421439533384,0.0004405972859855847,0.9993506493506494,0.00026509629250901336,0.00032916052246573674,0.999004684902894,0.0002344462310563104,0.0002911034446171824,0.999978392,2.7098592352722134e-05,3.3647346526374976e-05
GoogleCluster,LightGBM,4616.2,1.7888543819998322,2.221156084158239,6.2,1.3038404810405297,1.6189317847087064,3.8,1.7888543819998322,2.221156084158239,7373.8,1.3038404810405297,1.6189317847087064,0.9986588136672528,0.0002814018487595546,0.0003494065446327202,0.9991774891774892,0.00038719791818174877,0.000480769715185725,0.9989180158156797,0.0001712155989031155,0.0002125922450888948,0.9999640679999999,2.3056245802384757e-05,2.8628110346557864e-05
GoogleCluster,XGBoost,4615.4,1.51657508881031,1.8830766883484418,7.8,2.16794833886788,2.6918634023379058,4.6,1.51657508881031,1.8830766883484418,7372.2,2.1679483388678804,2.691863402337906,0.9983131013373194,0.00046769294273278015,0.000580717489205269,0.9990043290043289,0.0003282630062359681,0.00040759235678534007,0.9986584955840009,0.0001963132960638606,0.00024375515209121287,0.9999546068,3.0110982650841883e-05,3.738772310808858e-05
GoogleCluster,RandomForest,4617.4,0.5477225575051661,0.6800873806582569,5.2,2.2803508501982757,2.8314295539645493,2.6,0.5477225575051661,0.6800873806582569,7374.8,2.280350850198276,2.8314295539645498,0.9988753198943346,0.0004924050161330253,0.0006114015810673223,0.9994372294372293,0.00011855466612666444,0.00014720506074854682,0.9991561274401597,0.0002078295867439198,0.000258054515621492,0.9999953632,2.4778244893641547e-06,3.0766254623111022e-06
GoogleCluster,BalancedRF,4616.2,0.8366600265340756,1.0388506336835697,7.0,2.345207879911715,2.9119601927901586,3.8,0.8366600265340756,1.0388506336835697,7373.0,2.345207879911715,2.9119601927901586,0.9984860467038278,0.0005065335960639791,0.0006289445301133319,0.9991774891774892,0.0001810952438385523,0.00022485944452026285,0.99883161838349,0.00032788448540618624,0.00040712236109842975,0.9999925046,4.136850408225041e-06,5.136578217847588e-06
GoogleCluster,MLP,4598.0,8.215838362577491,10.201310709873855,20.8,8.983317872590284,11.154262386815807,22.0,8.215838362577491,10.201310709873855,7359.2,8.983317872590282,11.154262386815804,0.9955002211538391,0.001931286277113949,0.002398008640517373,0.9952380952380953,0.0017783199918998955,0.002208075911228114,0.9953674791385838,0.0011749522345717968,0.001458895889276867,0.9993828804,0.0002363334554401935,0.00029344674319118236
GoogleCluster,LogReg,4222.0,35.26329536501091,43.7851643127598,435.4,29.787581304966672,36.98616729994468,398.0,35.26329536501091,43.7851643127598,6944.6,29.787581304966672,36.98616729994468,0.9065586444230341,0.0054455472709553,0.006761539996861967,0.9138528138528139,0.007632747914504535,0.00947730829280516,0.9101626908180794,0.0033702986728816227,0.004184778525311044,0.9680193308,0.0014329928714804012,0.0017792956581998511
GoogleCluster,NaiveBayes,3857.4,14.638989036132243,18.176705656265064,337.0,52.69250421075089,65.42638545368975,762.6,14.638989036132243,18.176705656265064,7043.0,52.69250421075089,65.42638545368975,0.9197859283686001,0.011428198304331469,0.014189982398821716,0.8349350649350649,0.003168612345483173,0.003934351873650451,0.8752710914043117,0.004530564509045633,0.0056254388424216845,0.9247395561999999,0.003650894344546024,0.004533184068868536
ITIncident,KATS,128.2,3.3466401061363023,4.155402534734279,2862.4,121.28396431515586,150.59393204955936,7.8,3.3466401061363023,4.155402534734279,1985.6,121.28396431515586,150.59393204955936,0.04290294579790364,0.0013875626845912732,0.0017228866307079519,0.9426470588235295,0.02460764783923752,0.030554430402457932,0.0820660013860111,0.0025455932756080616,0.003160771524392128,0.1627492974,0.025552570205169375,0.031727706485333046
ITIncident,LightGBM,99.0,4.949747468305833,6.1459232315955905,1022.8,76.53561262575742,95.03151477787263,37.0,4.949747468305833,6.1459232315955905,3825.2,76.53561262575742,95.03151477787263,0.08849082669761651,0.005660503971763301,0.00702844399342792,0.7279411764705882,0.036395201972837,0.0451906119970264,0.15772959738250522,0.009068643497179252,0.011260208142992178,0.2192120336,0.02270715918893357,0.028194662066380653
ITIncident,XGBoost,13.2,1.6431676725154982,2.040262141974771,7.4,4.03732584763727,5.013002154028703,122.8,1.6431676725154982,2.040262141974771,4840.6,4.03732584763727,5.013002154028703,0.6547985114300904,0.1440533452691012,0.17886585264145985,0.09705882352941178,0.012082115239084543,0.01500192751452037,0.16879835487536946,0.022878790817472287,0.02840777088049026,0.27564208739999996,0.037737843307078474,0.04685772140425431
ITIncident,RandomForest,20.6,2.5099800796022267,3.116551901050709,37.2,9.011104260855047,11.188763744764273,115.4,2.5099800796022262,3.1165519010507086,4810.8,9.011104260855047,11.188763744764273,0.36303854140632474,0.07353592082250617,0.0913069054600686,0.15147058823529413,0.01845573587942814,0.022915822801843448,0.21315279941339327,0.029951479829145967,0.037189674196776844,0.21576526980000002,0.03592092758294497,0.04460172256182741
ITIncident,BalancedRF,85.8,4.147288270665544,5.149538535858164,705.8,43.87710108929258,54.48061676812186,50.2,4.147288270665544,5.149538535858164,4142.2,43.87710108929258,54.48061676812186,0.10846569907583951,0.0020628383932477486,0.002561352167008233,0.6308823529411764,0.030494766696070156,0.03786425394013353,0.1850341874671823,0.0023429359734652307,0.002909139248348272,0.2321660262,0.032532877196656707,0.04039490237307291
ITIncident,MLP,0.0,0.0,0.0,0.0,0.0,0.0,136.0,0.0,0.0,4848.0,0.0,0.0,0.0,0.0,0.0,0.0,0.0,0.0,0.0,0.0,0.0,0.0663554074,0.021034584507023005,0.026117886299545187
ITIncident,LogReg,62.6,6.18869937870632,7.684285214245655,1299.2,74.48288393986904,92.4827154705249,73.4,6.18869937870632,7.684285214245655,3548.8,74.48288393986903,92.48271547052488,0.04592448790273838,0.002799047914947483,0.003475477025237608,0.4602941176470588,0.04550514249048767,0.056502097163571026,0.08349696135647222,0.005251323613903793,0.006520379474301636,0.0412937494,0.0011651661597091186,0.0014467448724361526
ITIncident,NaiveBayes,0.0,0.0,0.0,0.0,0.0,0.0,136.0,0.0,0.0,4848.0,0.0,0.0,0.0,0.0,0.0,0.0,0.0,0.0,0.0,0.0,0.0,0.048145498200000005,0.002069691402758319,0.002569861302196856
MultiCloud,KATS,27.8,6.058052492344384,7.52206567897262,51.8,9.833615815151616,12.210046729840945,38.6,6.107372593840988,7.583304673388708,81.8,10.059821071967432,12.490917653433582,0.3485502441968589,0.022367723597819137,0.027773197113184846,0.4187245590230665,0.09144482465826702,0.11354374660022619,0.3775690581312307,0.045734732942196925,0.05678717136178974,0.378334359,0.0284649274743598,0.03534387565639383
MultiCloud,LightGBM,22.2,2.588435821108957,3.2139675707319966,49.6,5.224940191045253,6.487620127988801,44.2,2.7748873851023217,3.4454777651513435,84.0,5.385164807134504,6.686565265412843,0.3103110583110583,0.0418916941743187,0.052015408480013986,0.33441881501583,0.0399489330503846,0.04960315193531513,0.32166209338732965,0.03963742616932982,0.049216365055916665,0.3383022016,0.026605687794663647,0.033035324682083214
MultiCloud,XGBoost,21.8,1.9235384061671343,2.3883883880999845,47.6,5.366563145999495,6.663468252474717,44.6,2.3021728866442674,2.8585251909870273,86.0,5.612486080160912,6.968821906155584,0.3152357183878923,0.03235143948244491,0.04016961769541974,0.3284486657620986,0.03076221422055963,0.03819633390270083,0.32136636304409294,0.02977896531042638,0.036975469129715284,0.31297204460000005,0.015169984416141456,0.01883602350283503
MultiCloud,RandomForest,22.8,2.280350850198276,2.8314295539645498,48.4,5.458937625582472,6.778166318125708,43.6,2.701851217221259,3.3547913849266617,85.2,5.403702434442518,6.7095827698533235,0.32134654234654236,0.035695246941746174,0.044321503034559326,0.34355495251017637,0.036282723073478136,0.045050950997134916,0.33159974921416835,0.03271680635852481,0.04062328059158432,0.3460018416,0.01786410798275279,0.02218121974220865
MultiCloud,BalancedRF,21.8,1.7888543819998317,2.2211560841582387,47.8,4.43846820423443,5.511086176370013,44.6,1.5165750888103102,1.8830766883484422,85.8,4.8166378315169185,5.980645787780817,0.3134245167062776,0.008943269127271909,0.011104535301580747,0.3282225237449118,0.025459112085009408,0.03161166290219061,0.3202076884383222,0.013290115250088191,0.016501857638013356,0.34040506200000004,0.021262721242079344,0.026401155470132397
MultiCloud,MLP,24.6,12.441864811996632,15.44861560757449,51.8,18.51215816699933,22.9858803250169,41.8,12.11197754291181,15.039006462086109,81.8,19.018412131405714,23.614477646568233,0.30926595146743685,0.07073001130162967,0.08782290862577909,0.36974219810040704,0.18527988116927235,0.23005535803935742,0.327944343944344,0.11535700356774406,0.14323463827073124,0.35766711840000004,0.03841195009194436,0.04769473552996717
MultiCloud,LogReg,32.0,4.847679857416329,6.019189553771424,56.6,6.107372593840988,7.583304673388708,34.4,4.929503017546495,6.1207864259243125,77.0,6.4031242374328485,7.950528841646314,0.36052988147860215,0.028429351767720316,0.035299702582248925,0.4819990954319312,0.07322002192011302,0.09091466516589496,0.41153440648817396,0.041923480209907237,0.052054876056049894,0.37708158180000007,0.030309096092555707,0.037633713436224875
MultiCloud,NaiveBayes,36.4,5.319774431308154,6.605372389920251,67.8,15.319921670818033,19.022195193956446,30.0,5.0,6.208319991018832,65.8,15.706686474237651,19.502427126134943,0.35254490303924635,0.023649608575629973,0.029364867539970793,0.5478968792401628,0.07728854632931074,0.09596640545060903,0.4258707705697999,0.01651249916378671,0.02050297573204376,0.3570830474,0.019343695217753858,0.024018369944111332
