dataset,seed,model,threshold,RecallH,PrecH,F1H,MacroF1,Kappa,Brier,ECE,PRAUC_High,FP_High,FN_High
GoogleCluster,42,KATS,0.25,0.9993506493506493,0.9987021414665801,0.9990262901655307,0.9992379458557986,0.998833592346033,0.00040460962777621887,0.0005483235517254567,0.9999795250291053,6,3
GoogleCluster,42,LightGBM,0.5,0.9993506493506493,0.9984861591695502,0.9989182172219818,0.9991677370239734,0.9987039951487946,0.0004959300211518392,0.0004045639804467315,0.9999849851545378,7,3
GoogleCluster,42,XGBoost,0.5,0.9993506493506493,0.9980544747081712,0.9987021414665801,0.99899478689958,0.9984447629368345,0.0005917858885659406,0.0009125194285039065,0.9999812585076232,9,3
GoogleCluster,42,RandomForest,0.5,0.9993506493506493,0.9993506493506493,0.9993506493506493,0.9995786737335601,0.9992223483098032,0.0005091166666666666,0.0023830555555555155,0.9999959105857176,3,3
GoogleCluster,42,BalancedRF,0.5,0.9993506493506493,0.9987021414665801,0.9990262901655307,0.999335470008785,0.9988335623385274,0.0006906486111111111,0.003230555555555565,0.9999938388593284,6,3
GoogleCluster,42,MLP,0.5,0.9958874458874459,0.9965345462421485,0.9962108909819205,0.997011978242683,0.9950755911339777,0.0017962806813793212,0.0015172228789124803,0.9996245082059421,16,19
GoogleCluster,42,LogReg,0.5,0.9186147186147187,0.9080017115960634,0.9132773832580159,0.9168002512382399,0.8804231658474176,0.04146941390437393,0.02931390485297429,0.9671863240472178,430,376
GoogleCluster,42,NaiveBayes,0.5,0.8337662337662337,0.9204301075268817,0.8749574105621806,0.8630648032365551,0.8090928358754672,0.0625952435464796,0.024853245662377843,0.9239846530449384,333,768
GoogleCluster,7,KATS,0.25,0.9993506493506493,0.9980544747081712,0.9987021414665801,0.9990273217095558,0.9984448029461653,0.0005810633879629331,0.00047732161076844315,0.999989488628527,9,3
GoogleCluster,7,LightGBM,0.5,0.9993506493506493,0.9982702702702703,0.9988101676581936,0.9990975289767873,0.9985743986821741,0.0005574907279586363,0.0005793607757661782,0.9999551187631983,8,3
GoogleCluster,7,XGBoost,0.5,0.9991341991341991,0.9976226496650097,0.998377852276414,0.9988166647271562,0.9980560091624177,0.0007207671786153173,0.0007811237273158928,0.9999472341207272,11,4
GoogleCluster,7,RandomForest,0.5,0.9995670995670995,0.9980548951804625,0.9988104250027036,0.9990975080489402,0.9985743333671929,0.0006384444444444444,0.0021583333333333485,0.9999917893259453,9,2
GoogleCluster,7,BalancedRF,0.5,0.9989177489177489,0.9976221357544315,0.9982695219554402,0.9986815236942103,0.9979265106115355,0.0008651680555555556,0.0031322222222222493,0.9999870365744361,11,5
GoogleCluster,7,MLP,0.5,0.9978354978354979,0.9954653422586914,0.9966490109177386,0.9973649812779785,0.9958528663060323,0.0016415294379517867,0.0015440190667896213,0.9990147171279113,21,10
GoogleCluster,7,LogReg,0.5,0.9047619047619048,0.9049577830699286,0.9048598333152938,0.9087962456790475,0.8694186619523981,0.043278614525874864,0.031271726139361834,0.9675735847143777,439,440
GoogleCluster,7,NaiveBayes,0.5,0.8300865800865801,0.9245419479267116,0.874771897810219,0.8585929149761443,0.8022856113068281,0.06443278838323432,0.02620462544034736,0.9268374080787041,313,785
GoogleCluster,13,KATS,0.25,0.9991341991341991,0.9989179831205367,0.9990260794286333,0.9991727512258999,0.998833525752981,0.00040503231402868527,0.000650855529093414,0.9999936877069757,5,4
GoogleCluster,13,LightGBM,0.5,0.9984848484848485,0.9989172802078822,0.9987010175362633,0.9988937336688734,0.9983150785050288,0.0005724876675041945,0.0005218893701590515,0.9999451300963221,5,7
GoogleCluster,13,XGBoost,0.5,0.9984848484848485,0.9987010175362633,0.9985929213118303,0.9987553291986742,0.9980559653238646,0.0006883134414780936,0.001039826846139881,0.9999093733607157,6,7
GoogleCluster,13,RandomForest,0.5,0.9993506493506493,0.9991343864964294,0.9992425062222703,0.9993457960498251,0.9990927655929537,0.0005693805555555555,0.0022861111111110743,0.9999950245471958,4,3
GoogleCluster,13,BalancedRF,0.5,0.9991341991341991,0.9984858317110101,0.9988099102023152,0.9990324858680601,0.9985743906451514,0.0007903513888888889,0.003233055555555544,0.9999901237650018,7,4
GoogleCluster,13,MLP,0.5,0.9952380952380953,0.9922313336210618,0.9937324400259347,0.9943109656325787,0.9918314069824485,0.003271792776266926,0.0020409098459977285,0.9992985217430903,36,22
GoogleCluster,13,LogReg,0.5,0.9231601731601732,0.9016913319238901,0.9122994652406418,0.9180726611332739,0.8817840092226482,0.039815167621353766,0.029205760074495313,0.9695084839331402,465,355
GoogleCluster,13,NaiveBayes,0.5,0.8378787878787879,0.907620164126612,0.8713562183455261,0.8576498999368427,0.8024688154638044,0.06233711226171451,0.02409626393341263,0.923303765941393,394,749
GoogleCluster,99,KATS,0.45000000000000007,0.9991341991341991,0.9987018606663782,0.9989179831205367,0.9991676362980416,0.9987039211569319,0.0004093192804460082,0.0006420502028654647,0.999931462444658,6,4
GoogleCluster,99,LightGBM,0.5,0.9993506493506493,0.9987021414665801,0.9990262901655307,0.9992703919503468,0.998833502318884,0.000458959456354075,0.0003417204244904855,0.9999427958845448,6,3
GoogleCluster,99,XGBoost,0.5,0.9989177489177489,0.9984855041107745,0.998701579744644,0.9990271958284818,0.9984447053883182,0.00056194662562703,0.0009339635307066308,0.999952106629231,7,5
GoogleCluster,99,RandomForest,0.5,0.9993506493506493,0.9989182172219818,0.9991343864964294,0.999373157444681,0.9989631369255455,0.0005953694444444445,0.0022691666666666763,0.9999953556239082,5,3
GoogleCluster,99,BalancedRF,0.5,0.9993506493506493,0.9987021414665801,0.9990262901655307,0.9992704300143816,0.9988335623385274,0.0008187305555555556,0.003299722222222209,0.9999935367901401,6,3
GoogleCluster,99,MLP,0.5,0.9939393939393939,0.9971769815418023,0.9955555555555555,0.9963989651944379,0.9944280274624385,0.0022036230193951943,0.0021421165407052682,0.9994964300186491,13,28
GoogleCluster,99,LogReg,0.5,0.9075757575757576,0.9153023357345558,0.9114226714487556,0.9160699149890902,0.8805078876826767,0.04015358184692674,0.03149794690668474,0.9695081149027817,388,427
GoogleCluster,99,NaiveBayes,0.5,0.8354978354978355,0.9359844810863239,0.8828911253430924,0.872258173561489,0.8222460130415561,0.05979831913258956,0.028467302089263763,0.9295963542707951,264,760
GoogleCluster,2026,KATS,0.3500000000000001,0.9997835497835498,0.9989186851211073,0.9993509303331891,0.9995135913371369,0.9992223170635366,0.00028451295555906346,0.0005115172591123629,0.9999977962146963,5,1
GoogleCluster,2026,LightGBM,0.5,0.9993506493506493,0.9989182172219818,0.9991343864964294,0.9993731460300851,0.9989630835717053,0.000331244033816497,0.00038967694838588874,0.9999923104289236,5,3
GoogleCluster,2026,XGBoost,0.5,0.9991341991341991,0.9987018606663782,0.9989179831205367,0.9990993302871126,0.998574313272625,0.0005013333147012833,0.0007849126091318271,0.9999830608956708,6,4
GoogleCluster,2026,RandomForest,0.5,0.9995670995670995,0.9989184512221502,0.9992426701287461,0.9994108246156809,0.9990927240257986,0.00047338333333333334,0.0024697222222222147,0.999998735425364,5,2
GoogleCluster,2026,BalancedRF,0.5,0.9991341991341991,0.9989179831205367,0.9990260794286333,0.9992378389008292,0.998833525752981,0.0006262180555555556,0.0032833333333333395,0.9999979860454296,5,4
GoogleCluster,2026,MLP,0.5,0.9932900432900433,0.9960929021054916,0.9946894982117698,0.9951719040727515,0.992743891806503,0.003063607264551992,0.003178024811479326,0.9994802251035874,18,31
GoogleCluster,2026,LogReg,0.5,0.9151515151515152,0.9028400597907325,0.90895410082769,0.9127129688774046,0.8750934269361603,0.04241445156377146,0.02766981003173809,0.9663201460181815,455,392
GoogleCluster,2026,NaiveBayes,0.5,0.8374458874458874,0.9103529411764706,0.8723788049605411,0.8575086683277808,0.8017666323461091,0.06366599604215953,0.02777122468879167,0.919975599985102,381,751
ITIncident,42,KATS,0.5,0.9411764705882353,0.044398196323274366,0.0847962901623054,0.23156291863466105,0.04006124924151433,0.3070958653660409,0.4486899605593326,0.14997994701332915,2755,8
ITIncident,42,LightGBM,0.5,0.7205882352941176,0.0875,0.15605095541401273,0.3623487576688162,0.10599489890678016,0.16107300892475176,0.2568216003991383,0.24723640956905482,1022,38
ITIncident,42,XGBoost,0.5,0.11764705882352941,0.8421052631578947,0.2064516129032258,0.47793651500878376,0.22299816002634576,0.030989281214050212,0.0052581477527585815,0.3133803796780441,3,120
ITIncident,42,RandomForest,0.5,0.18382352941176472,0.45454545454545453,0.2617801047120419,0.46270677093476104,0.16640775509836114,0.05265406704442088,0.055073958916005666,0.2524834613466932,30,111
ITIncident,42,BalancedRF,0.5,0.6176470588235294,0.10687022900763359,0.1822125813449024,0.3813138669415863,0.11969214663762773,0.1451704283573451,0.270606852443312,0.25294833725405685,702,52
ITIncident,42,MLP,0.5,0.0,0.0,0.0,0.32330956563673313,0.0,0.03690929625185925,0.004251292499018655,0.05505320272794872,0,136
ITIncident,42,LogReg,0.5,0.4117647058823529,0.041666666666666664,0.07567567567567568,0.23566527580104912,0.025537008450020826,0.21821477162347258,0.3934319710723268,0.04042782125172302,1288,80
ITIncident,42,NaiveBayes,0.5,0.0,0.0,0.0,0.32330956563673313,0.0,0.036751772647181435,0.0004835438153625437,0.04947543724411119,0,136
ITIncident,7,KATS,0.5,0.9044117647058824,0.0430672268907563,0.08221925133689839,0.22483827587138935,0.035401280631649934,0.2925611992671731,0.4371949539575198,0.15686196597254232,2733,13
ITIncident,7,LightGBM,0.5,0.7058823529411765,0.09716599190283401,0.1708185053380783,0.3696847686420092,0.11184975259754726,0.15491546940228237,0.24869183422074348,0.19188127467256733,892,40
ITIncident,7,XGBoost,0.5,0.08823529411764706,0.5454545454545454,0.1518987341772152,0.4496756271835723,0.18371217944321316,0.03251151104439778,0.005738656203673094,0.23064203955352372,10,124
ITIncident,7,RandomForest,0.5,0.14705882352941177,0.35714285714285715,0.20833333333333334,0.4368745448242084,0.13539152886547345,0.05518077013229541,0.05791433945429016,0.2001803181985939,36,116
ITIncident,7,BalancedRF,0.5,0.5882352941176471,0.11204481792717087,0.18823529411764706,0.37522266520092046,0.10997384522024778,0.14561377566964562,0.26892169703797997,0.2101928473175667,634,56
ITIncident,7,MLP,0.5,0.0,0.0,0.0,0.32330956563673313,0.0,0.0367770712765094,0.0016614213481535402,0.07417082196741218,0,136
ITIncident,7,LogReg,0.5,0.4411764705882353,0.045317220543806644,0.0821917808219178,0.25518048628574425,0.027693186209585385,0.2194445990567413,0.393976182775003,0.040861182546560654,1264,76
ITIncident,7,NaiveBayes,0.5,0.0,0.0,0.0,0.32330956563673313,0.0,0.03690074205283113,0.0008737643526946269,0.049969790075735196,0,136
ITIncident,13,KATS,0.5,0.9411764705882353,0.041666666666666664,0.0798004987531172,0.20991544783910207,0.032202592790283924,0.3073638076241106,0.44863875953221677,0.14701164618600845,2944,8
ITIncident,13,LightGBM,0.5,0.7720588235294118,0.08830950378469302,0.15849056603773584,0.35721990137364507,0.09946499769765782,0.1662322346751379,0.26270170593404096,0.20338261881815023,1084,31
ITIncident,13,XGBoost,0.5,0.09558823529411764,0.6842105263157895,0.16774193548387098,0.44728750160111935,0.1770772088727176,0.03251526552071236,0.008118234296494263,0.26243457231702194,6,123
ITIncident,13,RandomForest,0.5,0.13970588235294118,0.3114754098360656,0.19289340101522842,0.43280738311460465,0.12966167030825526,0.05524613410248874,0.05814844308547921,0.20785030993120115,42,117
ITIncident,13,BalancedRF,0.5,0.6470588235294118,0.10784313725490197,0.18487394957983194,0.3737241479614741,0.10735011430546548,0.14614427546651107,0.27256171457952455,0.23271066649552294,728,48
ITIncident,13,MLP,0.5,0.0,0.0,0.0,0.32330956563673313,0.0,0.03728333886954711,0.005907951704152442,0.04269095021300801,0,136
ITIncident,13,LogReg,0.5,0.4338235294117647,0.04689984101748808,0.08464849354375897,0.2585173124094194,0.028362207942280948,0.2182937232300647,0.39360532990277264,0.043290404078956436,1199,77
ITIncident,13,NaiveBayes,0.5,0.0,0.0,0.0,0.32330956563673313,0.0,0.036915721478287374,0.0004917308811085979,0.04480485295450368,0,136
ITIncident,99,KATS,0.5,0.9705882352941176,0.04407345575959933,0.08431810923027787,0.21977046053162005,0.03708874009309726,0.30859969432558154,0.4511629587696384,0.1518852841050911,2863,4
ITIncident,99,LightGBM,0.5,0.7573529411764706,0.08818493150684932,0.1579754601226994,0.3505295259614747,0.09813418590422407,0.16877162998596673,0.26599538142103785,0.2176967683243282,1065,33
ITIncident,99,XGBoost,0.5,0.08823529411764706,0.48,0.14906832298136646,0.4275648387482612,0.14677031707398802,0.03262081905891744,0.006558911317604142,0.25535245135034,13,124
ITIncident,99,RandomForest,0.5,0.13970588235294118,0.2753623188405797,0.18536585365853658,0.4186961218814022,0.10448072966715738,0.05736257995410845,0.06027184400388727,0.1678032108281064,50,117
ITIncident,99,BalancedRF,0.5,0.6691176470588235,0.10820451843043995,0.1862845445240532,0.3654707645074429,0.10422016698766423,0.15209706660962596,0.27969169224658047,0.19175634100989658,750,45
ITIncident,99,MLP,0.5,0.0,0.0,0.0,0.3318689686575926,0.013049019473489354,0.03559503503289621,0.0019505614558563515,0.09799193875066019,0,136
ITIncident,99,LogReg,0.5,0.49264705882352944,0.046398891966759004,0.08481012658227848,0.2524928650244334,0.036342167723091734,0.221268858968096,0.3970511345180472,0.04058193028217913,1377,69
ITIncident,99,NaiveBayes,0.5,0.0,0.0,0.0,0.32330956563673313,0.0,0.036782456639237834,0.0006187641757750923,0.04758279899118223,0,136
ITIncident,2026,KATS,0.5,0.9558823529411765,0.04130918334922148,0.0791958574474566,0.20969060166947895,0.035791420967102194,0.30972363442587386,0.4528193853231988,0.20800764420042897,3017,6
ITIncident,2026,LightGBM,0.5,0.6838235294117647,0.08129370629370629,0.1453125,0.3530281477649097,0.09816460717215025,0.1669630316564745,0.2635529209744207,0.23586309573149652,1051,43
ITIncident,2026,XGBoost,0.5,0.09558823529411764,0.7222222222222222,0.16883116883116883,0.4419668657152716,0.16936112422508787,0.03170367029079071,0.005026702405715438,0.31640099359984986,5,123
ITIncident,2026,RandomForest,0.5,0.14705882352941177,0.4166666666666667,0.21739130434782608,0.4325097839408354,0.1194871391892337,0.05621778386900853,0.05984355541803676,0.25050904894354714,28,116
ITIncident,2026,BalancedRF,0.5,0.6323529411764706,0.10736579275905118,0.18356456776947705,0.3698058240739104,0.11072376733429279,0.14875969651528384,0.2778648368813724,0.2732219396544182,715,50
ITIncident,2026,MLP,0.5,0.0,0.0,0.0,0.32330956563673313,0.0,0.036663596129950016,0.008434759794136255,0.06187012317440954,0,136
ITIncident,2026,LogReg,0.5,0.5220588235294118,0.04933981931897151,0.09015873015873016,0.22340352861500237,0.02908630815163371,0.22095925268182356,0.39666876976147886,0.041307409489857075,1368,65
ITIncident,2026,NaiveBayes,0.5,0.0,0.0,0.0,0.32330956563673313,0.0,0.03675698950789261,0.0002902081412355724,0.048894612431227516,0,136
MultiCloud,42,KATS,0.5,0.3283582089552239,0.3142857142857143,0.32116788321167883,0.3541977662870073,0.03280224929709463,0.22352744433166374,0.047283892779538365,0.35070664139617624,48,45
MultiCloud,42,LightGBM,0.5,0.31343283582089554,0.28,0.29577464788732394,0.27386353342752917,-0.08773114286785932,0.27399132689306777,0.21058566573443435,0.32128166468969593,54,46
MultiCloud,42,XGBoost,0.5,0.31343283582089554,0.2727272727272727,0.2916666666666667,0.2792476675148431,-0.08031058929442203,0.2748983501900943,0.20618444348995887,0.311171216573644,56,46
MultiCloud,42,RandomForest,0.5,0.2835820895522388,0.2638888888888889,0.2733812949640288,0.278609898966073,-0.07974356090428514,0.23930316666666665,0.10913333333333332,0.33395963206502294,53,48
MultiCloud,42,BalancedRF,0.5,0.34328358208955223,0.30666666666666664,0.323943661971831,0.3039110452186805,-0.04248696891288861,0.23576741666666665,0.10021666666666666,0.32988735485283005,52,44
MultiCloud,42,MLP,0.5,0.3582089552238806,0.2696629213483146,0.3076923076923077,0.2776156674461759,-0.08027006751687904,0.22214659296682973,0.0213884636534407,0.3431752260708245,65,43
MultiCloud,42,LogReg,0.5,0.3880597014925373,0.32098765432098764,0.35135135135135137,0.32837318316614966,-0.0053644446111715816,0.22390936566118724,0.04287932253080334,0.34125919086744766,55,41
MultiCloud,42,NaiveBayes,0.5,0.5373134328358209,0.3364485981308411,0.41379310344827586,0.3197682553524149,0.0019885191160469162,0.22385907102590766,0.034425031503700125,0.3431746110699144,71,31
MultiCloud,7,KATS,0.40000000000000013,0.3333333333333333,0.36065573770491804,0.3464566929133858,0.36490281372171135,0.047297550729530125,0.22173432321626163,0.04849632311321358,0.3557347901607596,39,44
MultiCloud,7,LightGBM,0.5,0.2878787878787879,0.25675675675675674,0.2714285714285714,0.3108837096587851,-0.03471545325035619,0.2676936505794219,0.18422125067407222,0.30920266219702497,55,47
MultiCloud,7,XGBoost,0.5,0.3333333333333333,0.3055555555555556,0.3188405797101449,0.3454659438728473,0.017696460707858575,0.2677460852360605,0.1615293759045502,0.30828822800625666,50,44
MultiCloud,7,RandomForest,0.5,0.3484848484848485,0.3484848484848485,0.3484848484848485,0.3549675863108699,0.032475811895297246,0.22584174999999998,0.07640000000000001,0.3553691826231357,43,43
MultiCloud,7,BalancedRF,0.5,0.3181818181818182,0.328125,0.3230769230769231,0.3399152006912283,0.009900990099009799,0.23132350000000002,0.0959833333333333,0.3294248778801214,43,45
MultiCloud,7,MLP,0.5,0.30303030303030304,0.3389830508474576,0.32,0.3838866339101332,0.0847368618477814,0.21762679221716727,0.05484223264300505,0.36420967340392685,39,46
MultiCloud,7,LogReg,0.5,0.45454545454545453,0.38461538461538464,0.4166666666666667,0.3801123855868382,0.07789189594422363,0.2173048156318923,0.03350029477883697,0.3751464560527234,48,36
MultiCloud,7,NaiveBayes,0.5,0.4393939393939394,0.3815789473684211,0.4084507042253521,0.3897020151661841,0.08532013795171711,0.21696857352419033,0.036809909738331585,0.3801517849238323,47,37
MultiCloud,13,KATS,0.5,0.4925373134328358,0.3402061855670103,0.4024390243902439,0.3351486639178823,0.02384081096301871,0.2199239524152532,0.042258738182372,0.41396490474694814,64,34
MultiCloud,13,LightGBM,0.5,0.3283582089552239,0.3142857142857143,0.32116788321167883,0.3048352809872841,-0.0425260631515787,0.27430712988269074,0.19642876933839992,0.32875682880498336,48,45
MultiCloud,13,XGBoost,0.5,0.29850746268656714,0.3125,0.3053435114503817,0.28896635566864576,-0.06530627555422175,0.27937862480509906,0.19997492150714,0.2944192404816164,44,47
MultiCloud,13,RandomForest,0.5,0.34328358208955223,0.35384615384615387,0.3484848484848485,0.32511684004221325,-0.012449377531123629,0.23338466666666666,0.09878333333333333,0.3633985425552108,42,44
MultiCloud,13,BalancedRF,0.5,0.34328358208955223,0.3150684931506849,0.32857142857142857,0.27971467037753567,-0.07978404319136168,0.23147708333333336,0.10065000000000003,0.3734115216116201,50,44
MultiCloud,13,MLP,0.5,0.6268656716417911,0.3559322033898305,0.4540540540540541,0.3559780964765389,0.06163200960888826,0.21931741831205445,0.018087937736239203,0.3962507037270792,76,25
MultiCloud,13,LogReg,0.5,0.5522388059701493,0.3627450980392157,0.4378698224852071,0.33438635956118473,0.024170544963218688,0.21811482799691218,0.03164846786436442,0.4058598872862046,65,30
MultiCloud,13,NaiveBayes,0.5,0.6567164179104478,0.3333333333333333,0.44221105527638194,0.28834786764319653,-0.0055153266048848515,0.21898734123922223,0.02473816861575509,0.33605653384132195,88,23
MultiCloud,99,KATS,0.5,0.5303030303030303,0.3723404255319149,0.4375,0.37979699666295885,0.07844459429085182,0.21724607618064984,0.03574481638342885,0.4028215168519953,59,31
MultiCloud,99,LightGBM,0.5,0.3939393939393939,0.3466666666666667,0.36879432624113473,0.33328588254234565,0.002811621368322359,0.27014423488713496,0.1797842849720425,0.37135667817321294,49,40
MultiCloud,99,XGBoost,0.5,0.3787878787878788,0.36231884057971014,0.37037037037037035,0.34777832911349454,0.025085305035809413,0.2732360296002763,0.1820032880579432,0.3363923541906264,44,41
MultiCloud,99,RandomForest,0.5,0.36363636363636365,0.32,0.3404255319148936,0.3031110316467012,-0.04217432052483594,0.23512833333333336,0.09003333333333335,0.32085424305405874,51,42
MultiCloud,99,BalancedRF,0.5,0.2878787878787879,0.3064516129032258,0.296875,0.2807437320820036,-0.08018903308078906,0.23760000000000003,0.09750000000000002,0.32013222625381643,43,47
MultiCloud,99,MLP,0.5,0.12121212121212122,0.20512820512820512,0.1523809523809524,0.26216077828981055,-0.08862945305754732,0.22305821518428445,0.008248581700681015,0.2993897216093544,31,58
MultiCloud,99,LogReg,0.5,0.5606060606060606,0.3894736842105263,0.45962732919254656,0.38755565686630195,0.0934631953549353,0.21804010313170072,0.03474170485286765,0.4091308760967081,58,29
MultiCloud,99,NaiveBayes,0.5,0.5606060606060606,0.33636363636363636,0.42045454545454547,0.3591086815881848,0.06402096593036322,0.22165850438786303,0.02262095992646675,0.3516454641777182,73,29
MultiCloud,2026,KATS,0.5,0.4090909090909091,0.35526315789473684,0.38028169014084506,0.37483748645720477,0.06282801019643125,0.22116874600893255,0.04693906487164833,0.3684439420147365,49,39
MultiCloud,2026,LightGBM,0.5,0.3484848484848485,0.35384615384615387,0.3511450381679389,0.3349460314459251,0.0024376523532719796,0.27167517339001485,0.1928533133685141,0.3609131739099981,42,43
MultiCloud,2026,XGBoost,0.5,0.3181818181818182,0.3230769230769231,0.32061068702290074,0.32990348123796603,-0.005062816426026684,0.2688249094714559,0.1833292745177945,0.3145891837973633,44,45
MultiCloud,2026,RandomForest,0.5,0.3787878787878788,0.32051282051282054,0.3472222222222222,0.3292547491641064,-0.0045730564510082505,0.2318376666666667,0.08514999999999999,0.35642760680216073,53,41
MultiCloud,2026,BalancedRF,0.5,0.3484848484848485,0.3108108108108108,0.32857142857142857,0.3511488986186064,0.025268051285896376,0.23100616666666665,0.08253333333333332,0.3491693291485771,51,43
MultiCloud,2026,MLP,0.5,0.4393939393939394,0.37662337662337664,0.40559440559440557,0.37897732840408,0.09285152003598596,0.22104269364333515,0.022734500600541316,0.38531026677696634,48,37
MultiCloud,2026,LogReg,0.5,0.45454545454545453,0.3448275862068966,0.39215686274509803,0.34415231390441586,0.025742871060816186,0.22065924838245995,0.031347273199329916,0.3540114991398552,57,36
MultiCloud,2026,NaiveBayes,0.5,0.5454545454545454,0.375,0.4444444444444444,0.3595233603722568,0.056038357806412864,0.22181932059069628,0.02667839311056483,0.37438684274176154,60,30
CICIDS2017,42,KATS,0.8500000000000002,0.9335912314635719,0.28045709858609336,0.4313375037235627,0.5557685933790898,0.30456119427374373,0.13629605439538756,0.22793707720523562,0.87150037915059,3715,103
CICIDS2017,42,LightGBM,0.5,0.9954867827208252,0.9922879177377892,0.9938847763115546,0.9944058545975755,0.992560750059514,0.0011321389760701732,0.0010376646187329865,0.9998477251467076,12,7
CICIDS2017,42,XGBoost,0.5,0.9941972920696325,0.9961240310077519,0.995159728944821,0.9952679796357051,0.9939830705093166,0.0008586053081334248,0.0005481421088708091,0.999840433726632,6,9
CICIDS2017,42,RandomForest,0.5,0.9864603481624759,0.9947984395318595,0.9906118484946584,0.9931350290316647,0.989652719890361,0.0015689136140125551,0.001257854903075798,0.9995086259079262,8,21
CICIDS2017,42,BalancedRF,0.5,0.9896840747904577,0.9884095299420477,0.9890463917525774,0.9932768724158524,0.9888343977277713,0.00287894140625,0.009867708333333365,0.9988874303841507,18,16
CICIDS2017,42,MLP,0.5,0.9406834300451322,0.9858108108108108,0.9627185747278126,0.9358416117004184,0.9270700198633701,0.010644457129300976,0.004827495482787291,0.9937116840120772,21,92
CICIDS2017,42,LogReg,0.5,0.9638942617666022,0.7204819277108434,0.8246001103143961,0.8505244555573249,0.7786506221955394,0.03345527962817716,0.04713500849590927,0.9659389112834347,580,56
CICIDS2017,42,NaiveBayes,0.5,0.0,0.0,0.0,0.3026000424744395,0.0,0.06759792480890238,0.024189872050069044,0.6145448583085897,0,1551
CICIDS2017,7,KATS,0.8500000000000002,0.9348807221147647,0.2717900656044986,0.4211443508568109,0.5369538411093663,0.2866691510808509,0.1425113982154146,0.24560845348995639,0.8908630061475069,3885,101
CICIDS2017,7,LightGBM,0.5,1.0,0.9942307692307693,0.9971070395371263,0.9948952450321155,0.9945729016409831,0.0009553912481480537,0.001245066715623345,0.9999592323974874,9,0
CICIDS2017,7,XGBoost,0.5,0.9974210186976145,0.9967783505154639,0.9970995810505962,0.9956309283713991,0.9951385760803549,0.0007656983652930405,0.0007885504567618915,0.9999665040108409,5,4
CICIDS2017,7,RandomForest,0.5,0.9929078014184397,0.9980557355800389,0.995475113122172,0.993527011813136,0.9925446623115547,0.0012103369343152573,0.0020511695662047305,0.9999153126115476,3,11
CICIDS2017,7,BalancedRF,0.5,0.9941972920696325,0.9878283151825753,0.9910025706940874,0.9929120595896913,0.9894359466469623,0.002848919791666667,0.010941805555555559,0.9996992889650632,19,9
CICIDS2017,7,MLP,0.5,0.9722759509993553,0.9856209150326798,0.9789029535864979,0.9850138765367094,0.9764467691717315,0.0034918759933335844,0.002286609092573672,0.9979121324610659,22,43
CICIDS2017,7,LogReg,0.5,0.9729206963249516,0.7282818532818532,0.8330113165884626,0.8489940293014978,0.7810341004944406,0.034377562298479415,0.05090747545323606,0.9706028934102469,563,42
CICIDS2017,7,NaiveBayes,0.5,0.0,0.0,0.0,0.3026000424744395,0.0,0.06676636512269957,0.0264520063025586,0.6378416136526059,0,1551
CICIDS2017,13,KATS,0.8500000000000002,0.9400386847195358,0.26275004505316274,0.41070422535211265,0.5437234136274635,0.28105453178379847,0.14296344370897515,0.2530715563881962,0.8837875928028205,4091,93
CICIDS2017,13,LightGBM,0.5,0.9974210186976145,0.993577392421323,0.9954954954954955,0.9960967554542397,0.9945659471647043,0.0009118611065170879,0.000842221964761495,0.9997249299472089,10,4
CICIDS2017,13,XGBoost,0.5,0.9961315280464217,0.9954896907216495,0.9958105059619723,0.9962185470025725,0.994846777395265,0.000922246823817788,0.0004998711140910334,0.9997504622262133,7,6
CICIDS2017,13,RandomForest,0.5,0.9877498388136686,0.9960988296488946,0.9919067659436711,0.9939775616355672,0.9908086913110705,0.001480864589868177,0.0017700364883870398,0.999570114295962,6,19
CICIDS2017,13,BalancedRF,0.5,0.9890393294648614,0.9852280025690431,0.9871299871299871,0.9925092926773235,0.9868468498908419,0.0028069065972222223,0.00966708333333331,0.9990467239720554,23,17
CICIDS2017,13,MLP,0.5,0.941972920696325,0.9878296146044625,0.9643564356435643,0.9800997643714141,0.9639466261783401,0.0058007245819787666,0.004738642733708384,0.9915708010327514,18,90
CICIDS2017,13,LogReg,0.5,0.9632495164410058,0.7203471552555448,0.8242758620689655,0.8493234339016569,0.7784345824719722,0.03327387229815389,0.04830003549325304,0.9658733693817935,580,57
CICIDS2017,13,NaiveBayes,0.5,0.0,0.0,0.0,0.3026000424744395,0.0,0.06644645166009526,0.02803905997864353,0.632559549540991,0,1551
CICIDS2017,99,KATS,0.8500000000000002,0.9297227595099935,0.2685288640595903,0.4167027886143621,0.5389277033354583,0.28410281687672245,0.14235576470689762,0.2409057281939119,0.8818701849011028,3928,109
CICIDS2017,99,LightGBM,0.5,0.996776273372018,0.9948519948519948,0.9958132045088567,0.9965844448883642,0.9951339204719448,0.0007130192638042073,0.0006991717351759476,0.999758472579186,8,5
CICIDS2017,99,XGBoost,0.5,0.9954867827208252,0.9980607627666451,0.9967721110393802,0.9973229755359042,0.9962744848735011,0.0006492560227423259,0.0004782470761015726,0.9998521317440122,3,7
CICIDS2017,99,RandomForest,0.5,0.9871050934880722,0.9980443285528031,0.9925445705024312,0.9942177851609603,0.9913722670487538,0.0013345419826243752,0.0015751346136108867,0.9995251418870162,3,20
CICIDS2017,99,BalancedRF,0.5,0.9864603481624759,0.989010989010989,0.9877340219496449,0.9931087459277822,0.9876771422738883,0.0029132270833333337,0.010673055555555595,0.9988451278320739,17,21
CICIDS2017,99,MLP,0.5,0.9696969696969697,0.9791666666666666,0.974408811143505,0.9470133177433243,0.9433084975647937,0.008700729616286483,0.0061205812680601365,0.9952128450088376,32,47
CICIDS2017,99,LogReg,0.5,0.9729206963249516,0.7282818532818532,0.8330113165884626,0.851175395608163,0.7839087578699271,0.0346955825596468,0.05050562694969696,0.9657955598695709,563,42
CICIDS2017,99,NaiveBayes,0.5,0.0,0.0,0.0,0.3026000424744395,0.0,0.06649550073558969,0.026458062605303468,0.6252584364395869,0,1551
CICIDS2017,2026,KATS,0.8500000000000002,0.9335912314635719,0.26457153298008407,0.4123006833712984,0.5303273192173878,0.27609355334422947,0.1441030398993298,0.2505784563338288,0.8662269376220049,4025,103
CICIDS2017,2026,LightGBM,0.5,1.0,0.9916879795396419,0.9958266452648475,0.9969545578337845,0.9954283098625857,0.0007475910122883633,0.0009962632532458258,0.9998361200229093,13,0
CICIDS2017,2026,XGBoost,0.5,0.9974210186976145,0.993577392421323,0.9954954954954955,0.9971962341056058,0.9954229192787712,0.0007125522679681776,0.0006868918375936709,0.9998978249244538,10,4
CICIDS2017,2026,RandomForest,0.5,0.9903288201160542,0.9961089494163424,0.9932104752667313,0.9940879807463295,0.9916638316507927,0.0012516541666666668,0.0020825000000000127,0.9997452416368412,6,15
CICIDS2017,2026,BalancedRF,0.5,0.9909735654416505,0.9827365728900256,0.9868378812199037,0.9923847707113059,0.986567622091384,0.0030721875000000003,0.0107186111111111,0.9991786824971229,27,14
CICIDS2017,2026,MLP,0.5,0.9709864603481625,0.9691119691119691,0.970048309178744,0.981925151691319,0.9688069108432115,0.005054864974505992,0.003931627545674611,0.9948371120485904,48,45
CICIDS2017,2026,LogReg,0.5,0.9696969696969697,0.7044496487119438,0.8160607704829083,0.8440628781292526,0.7683170657856856,0.0345014090422116,0.049002396295782395,0.9606797329994606,631,47
CICIDS2017,2026,NaiveBayes,0.5,0.0,0.0,0.0,0.3026000424744395,0.0,0.0666088301211648,0.02698077803314619,0.6249478109831984,0,1551
