dataset,seed,variant,threshold,RecallH,PrecH,F1H,MacroF1,Kappa,Brier,ECE,PRAUC_High,FP_High,FN_High
ITIncident,42,T_Full,0.5,0.9411764705882353,0.044398196323274366,0.0847962901623054,0.23156291863466105,0.04006124924151433,0.3070958653660409,0.4486899605593326,0.14997994701332915,2755,8
ITIncident,42,T_NoSMOTE,0.5,0.9852941176470589,0.04100367197062423,0.07873090481786134,0.19455684094267559,0.031778188106817096,0.3140403538702103,0.45635946999603333,0.2758736852937091,3134,2
ITIncident,42,T_NoAsymLoss,0.3500000000000001,0.13970588235294118,0.5428571428571428,0.2222222222222222,0.40601062647868685,0.11951893706587446,0.03381667088226843,0.006285847672654974,0.20264861629769634,16,117
ITIncident,42,T_NoCalibNB,0.5,0.9338235294117647,0.04476559746210786,0.08543558694920955,0.23658688902637945,0.041959113063182785,0.2979399202154261,0.4403733152262353,0.16132193351878374,2710,9
ITIncident,42,T_NoStacking,0.5,0.7573529411764706,0.06697009102730819,0.12305854241338113,0.24669289454479068,0.04798420931323033,0.3283210069297543,0.39268127561594773,0.15199183117418474,1435,33
ITIncident,7,T_Full,0.5,0.9044117647058824,0.0430672268907563,0.08221925133689839,0.22483827587138935,0.035401280631649934,0.2925611992671731,0.4371949539575198,0.15686196597254232,2733,13
ITIncident,7,T_NoSMOTE,0.5,0.9338235294117647,0.043717728055077454,0.08352515619861887,0.22523925145698606,0.037084130000256454,0.2977385440208368,0.4429838183323132,0.2177635584177992,2778,9
ITIncident,7,T_NoAsymLoss,0.5000000000000001,0.07352941176470588,0.625,0.13157894736842105,0.3715976116433782,0.06700510670941229,0.03459142362618708,0.005044332515098223,0.20543716505085227,6,126
ITIncident,7,T_NoCalibNB,0.5,0.9338235294117647,0.040888602704443014,0.0783466995681678,0.20328687610619492,0.02986503492486392,0.3095524008634974,0.45131604091357547,0.15805580655785526,2979,9
ITIncident,7,T_NoStacking,0.5,0.7573529411764706,0.07452966714905933,0.13570487483530963,0.2573955688346871,0.053030505417550944,0.31657539441410143,0.38377565351650206,0.1426557088858568,1279,33
ITIncident,13,T_Full,0.5,0.9411764705882353,0.041666666666666664,0.0798004987531172,0.20991544783910207,0.032202592790283924,0.3073638076241106,0.44863875953221677,0.14701164618600845,2944,8
ITIncident,13,T_NoSMOTE,0.5,0.9558823529411765,0.03919204100090443,0.07529684332464523,0.18417489776064866,0.028201705908008412,0.31929749783157907,0.4581517737216358,0.2210701954688441,3187,6
ITIncident,13,T_NoAsymLoss,0.40000000000000013,0.10294117647058823,0.5384615384615384,0.1728395061728395,0.3895243994184609,0.09347475318492537,0.034515596369766914,0.004717221454951069,0.2058151792534343,12,122
ITIncident,13,T_NoCalibNB,0.5,0.9411764705882353,0.04149108589951377,0.07947842285004657,0.21008219794729185,0.03235765751539055,0.3084120829336124,0.44855852590258966,0.14568225980847388,2957,8
ITIncident,13,T_NoStacking,0.5,0.8014705882352942,0.0710560625814863,0.13053892215568863,0.25504221248181264,0.05081279558681773,0.3205904938823011,0.386430757174599,0.1696089980494512,1425,27
ITIncident,99,T_Full,0.5,0.9705882352941176,0.04407345575959933,0.08431810923027787,0.21977046053162005,0.03708874009309726,0.30859969432558154,0.4511629587696384,0.1518852841050911,2863,4
ITIncident,99,T_NoSMOTE,0.5,0.9852941176470589,0.03827477863467581,0.07368710475666758,0.16548102285532543,0.024621858662103202,0.32194803047389836,0.4618132336859486,0.18893750771623916,3367,2
ITIncident,99,T_NoAsymLoss,0.5500000000000002,0.07352941176470588,0.4,0.12422360248447205,0.36882577822016405,0.0628037738230387,0.034665285557807145,0.004187207214426899,0.18273703907084762,15,126
ITIncident,99,T_NoCalibNB,0.5,0.9705882352941176,0.04296875,0.08229426433915212,0.21041172616581916,0.034037639689772914,0.3171210874262159,0.45853947107734544,0.1526983274918065,2940,4
ITIncident,99,T_NoStacking,0.5,0.8014705882352942,0.06736711990111248,0.12428734321550741,0.24118304926774045,0.04452112008935316,0.32671866863832966,0.3930399879773143,0.20990517249852195,1509,27
ITIncident,2026,T_Full,0.5,0.9558823529411765,0.04130918334922148,0.0791958574474566,0.20969060166947895,0.035791420967102194,0.30972363442587386,0.4528193853231988,0.20800764420042897,3017,6
ITIncident,2026,T_NoSMOTE,0.5,0.9338235294117647,0.03928240024744819,0.07539329177797566,0.18172223994441106,0.028580845541836042,0.3150313283387141,0.455390758369042,0.2645343943661166,3106,9
ITIncident,2026,T_NoAsymLoss,0.40000000000000013,0.10294117647058823,0.6666666666666666,0.17834394904458598,0.3829773947795679,0.0844641248194582,0.03366588750020808,0.006374186145188587,0.2676427551281247,7,122
ITIncident,2026,T_NoCalibNB,0.5,0.9558823529411765,0.04043545878693624,0.07758877946881527,0.2030963829238812,0.03449205986647008,0.31667357964852355,0.4574663021672379,0.2112268679303999,3085,6
ITIncident,2026,T_NoStacking,0.5,0.7279411764705882,0.06680161943319839,0.12237330037082818,0.24742420683960017,0.04259050882420101,0.3191584240195395,0.38499068449807505,0.2071147085335171,1383,37
CICIDS2017,42,T_Full,0.8500000000000002,0.9335912314635719,0.28045709858609336,0.4313375037235627,0.5557685933790898,0.30456119427374373,0.13629605439538756,0.22793707720523562,0.87150037915059,3715,103
CICIDS2017,42,T_NoSMOTE,0.8500000000000002,0.9342359767891683,0.2737577933119214,0.4234365867913501,0.5540403487501379,0.2957289372237669,0.13300041753018377,0.22426313063214265,0.8639161246583674,3844,102
CICIDS2017,42,T_NoAsymLoss,0.6000000000000002,0.8188265635074146,0.9249817916970139,0.8686730506155951,0.6510683155329741,0.7165305380586291,0.07746987196460761,0.11346289488368316,0.8464722704802643,103,281
CICIDS2017,42,T_NoCalibNB,0.8500000000000002,0.9329464861379755,0.2654071900220103,0.4132514636584321,0.5397229036727845,0.28187740721436894,0.14009158337199454,0.24394775381204212,0.8688779496985801,4005,104
CICIDS2017,42,T_NoStacking,0.8000000000000003,0.9980657640232108,0.9929441949967928,0.9954983922829582,0.9957617062919426,0.9945668985290378,0.001016510156938831,0.0009916832877080181,0.9998709848896997,11,3
CICIDS2017,7,T_Full,0.8500000000000002,0.9348807221147647,0.2717900656044986,0.4211443508568109,0.5369538411093663,0.2866691510808509,0.1425113982154146,0.24560845348995639,0.8908630061475069,3885,101
CICIDS2017,7,T_NoSMOTE,0.8500000000000002,0.9348807221147647,0.2737915407854985,0.4235431575872645,0.5400413355019986,0.2887939428308469,0.1377517869013883,0.2334117341614892,0.895227058486899,3846,101
CICIDS2017,7,T_NoAsymLoss,0.6000000000000002,0.7988394584139265,0.9336850037678975,0.8610145934676859,0.6494626868820101,0.7089383252231762,0.07521612253134935,0.10405741485272563,0.8442564744630218,88,312
CICIDS2017,7,T_NoCalibNB,0.8500000000000002,0.9342359767891683,0.26948112330295704,0.41830254041570436,0.5580128510801594,0.2940722862418752,0.13429374658728407,0.23590471795957202,0.8865553213325804,3928,102
CICIDS2017,7,T_NoStacking,0.3500000000000001,0.9987105093488072,0.9916773367477593,0.9951814969482814,0.994529662180868,0.9931521088069041,0.0010115850944428025,0.00119468003976918,0.999945962004484,13,2
CICIDS2017,13,T_Full,0.8500000000000002,0.9400386847195358,0.26275004505316274,0.41070422535211265,0.5437234136274635,0.28105453178379847,0.14296344370897515,0.2530715563881962,0.8837875928028205,4091,93
CICIDS2017,13,T_NoSMOTE,0.8500000000000002,0.938749194068343,0.26952980377637914,0.41881202358694086,0.5565752793221218,0.29414703326315417,0.13612003366441328,0.23398993103016288,0.8866272102752306,3946,95
CICIDS2017,13,T_NoAsymLoss,0.6000000000000002,0.8291424887169568,0.9114103472714387,0.8683322079675895,0.6424543862131614,0.7165544218367388,0.07768532327757595,0.11850043715758425,0.8514552567359488,125,265
CICIDS2017,13,T_NoCalibNB,0.8500000000000002,0.9393939393939394,0.27831900668576887,0.4294134983790156,0.5522735246740523,0.30084175084593456,0.13552053582212925,0.2291401945932677,0.8778387701758932,3778,94
CICIDS2017,13,T_NoStacking,0.7000000000000002,0.9974210186976145,0.9916666666666667,0.994535519125683,0.9960952397120418,0.9939989143750338,0.0010400972927276518,0.000979135287914373,0.9994727293911784,13,4
CICIDS2017,99,T_Full,0.8500000000000002,0.9297227595099935,0.2685288640595903,0.4167027886143621,0.5389277033354583,0.28410281687672245,0.14235576470689762,0.2409057281939119,0.8818701849011028,3928,109
CICIDS2017,99,T_NoSMOTE,0.8500000000000002,0.9303675048355899,0.2613183629119884,0.40803053866817474,0.5279960402995789,0.2718467371852109,0.14669523307314292,0.2547691419918788,0.8787395552071157,4079,108
CICIDS2017,99,T_NoAsymLoss,0.6000000000000002,0.8220502901353965,0.9279475982532751,0.8717948717948718,0.6369514619100941,0.7140676732799198,0.0772915090009882,0.11543173037915634,0.856465959524968,99,276
CICIDS2017,99,T_NoCalibNB,0.8500000000000002,0.9303675048355899,0.2650137741046832,0.4125214408233276,0.5296167074730732,0.27614681750189296,0.14180570991993538,0.24147970008987674,0.8819133676460278,4002,108
CICIDS2017,99,T_NoStacking,0.8000000000000003,0.9980657640232108,0.9929441949967928,0.9954983922829582,0.9968314079662607,0.9951399040559883,0.000852945332158962,0.0008788058727456728,0.9997847746402051,11,3
CICIDS2017,2026,T_Full,0.8500000000000002,0.9335912314635719,0.26457153298008407,0.4123006833712984,0.5303273192173878,0.27609355334422947,0.1441030398993298,0.2505784563338288,0.8662269376220049,4025,103
CICIDS2017,2026,T_NoSMOTE,0.8500000000000002,0.927143778207608,0.26738564522127184,0.4150671092509742,0.53516982654221,0.28052157358182894,0.1373240389211206,0.23161759859509515,0.8660213015185115,3940,113
CICIDS2017,2026,T_NoAsymLoss,0.5500000000000002,0.819471308833011,0.8857142857142857,0.8513060951105157,0.6527150564604588,0.7011028214320514,0.07506889178626198,0.10625687989064075,0.8445961476036875,164,280
CICIDS2017,2026,T_NoCalibNB,0.8500000000000002,0.927143778207608,0.27616669867486077,0.4255696951760876,0.5690675698763876,0.3040677836138481,0.13144546509473712,0.22100250363693844,0.8607591456473479,3769,113
CICIDS2017,2026,T_NoStacking,0.8000000000000003,1.0,0.988527724665392,0.9942307692307693,0.9956080913049531,0.9934377445242615,0.0011489972287485543,0.0014141014410178519,0.9998309053129089,18,0
