experiment,seed,condition,model,n_train,n_test,train_IR,threshold,fallback_used,n_admissible_thresholds,smote_enabled,smote_ratio,fit_seconds,Recall_H,Precision_H,F1_H,MacroF1,Kappa,PRAUC_H,Brier,ECE,TP_H,FP_H,FN_H,predicted_High
fixed_test_fixed_n_ir,42,2,KATS,8000,12000,2.000551876379691,0.6000000000000002,False,15.0,False,1.0,156.01201009750366,0.8955512572533849,0.5989650711513583,0.7178294573643411,0.7325765168229242,0.6118067924600332,0.8658334318795103,0.0964735730854779,0.16539819027680688,1389,930,162,2319
fixed_test_fixed_n_ir,42,2,LightGBM,8000,12000,2.000551876379691,0.5,False,,False,1.0,5.763157367706299,0.9954867827208252,0.9853222718570517,0.9903784477228993,0.9901766717323133,0.9871817255082832,0.9997372293680962,0.0020332702984929923,0.002058176356268005,1544,23,7,1567
fixed_test_fixed_n_ir,42,5,KATS,8000,12000,5.003089598352214,0.8500000000000002,False,9.0,True,1.0,172.78964638710022,0.935525467440361,0.2706584592426786,0.41984953703703703,0.5366098432636816,0.28574436698930294,0.8604115218713542,0.14432083619257,0.24793448396374998,1451,3910,100,5361
fixed_test_fixed_n_ir,42,5,LightGBM,8000,12000,5.003089598352214,0.5,False,,True,1.0,5.826483488082886,0.9948420373952289,0.9891025641025641,0.9919639987142398,0.9922487119291747,0.9900027135491795,0.9997411745761977,0.0015749133899088795,0.0014669963870367838,1543,17,8,1560
fixed_test_fixed_n_ir,42,10,KATS,8000,12000,9.99646017699115,0.8500000000000002,False,14.0,True,1.0,172.5570592880249,0.9335912314635719,0.29472827193161,0.44801980198019803,0.5985007362892977,0.33830645681576776,0.8640377667596986,0.11180033436188301,0.19308316367170889,1448,3465,103,4913
fixed_test_fixed_n_ir,42,10,LightGBM,8000,12000,9.99646017699115,0.5,False,,True,1.0,5.7330920696258545,0.9929078014184397,0.9897172236503856,0.9913099452848407,0.992704768042723,0.9899810866771019,0.9993046216599357,0.001742613228295883,0.0015299751829274727,1540,16,11,1556
fixed_test_fixed_n_ir,42,20,KATS,8000,12000,20.006369426751593,0.8500000000000002,False,13.0,True,1.0,187.1516535282135,0.9245647969052224,0.35372471632955105,0.5116859946476361,0.6154827224287401,0.39885194669969826,0.8759712967086292,0.11223543074264641,0.18621430778828288,1434,2620,117,4054
fixed_test_fixed_n_ir,42,20,LightGBM,8000,12000,20.006369426751593,0.5,False,,True,1.0,5.715689659118652,0.9935525467440361,0.9929123711340206,0.9932323557847245,0.9937767937590521,0.991690052919319,0.9985190000476704,0.0014139185965606907,0.0014160996431829733,1541,11,10,1552
fixed_test_fixed_n_ir,42,30,KATS,8000,12000,30.050228310502284,0.8000000000000003,False,8.0,True,1.0,185.7009162902832,0.9284332688588007,0.27607361963190186,0.4255947982857987,0.5605452021262648,0.30123298530147224,0.8644868291847073,0.13070687544176876,0.2260467797983093,1440,3776,111,5216
fixed_test_fixed_n_ir,42,30,LightGBM,8000,12000,30.050228310502284,0.5,False,,True,1.0,5.342976808547974,0.9858156028368794,0.9890038809831824,0.9874071682273168,0.988156002554585,0.983900911644418,0.9953574210018455,0.00286132123114833,0.002816823281520527,1529,17,22,1546
fixed_test_fixed_n_ir,7,2,KATS,8000,12000,2.000551876379691,0.5000000000000001,False,15.0,False,1.0,156.34710216522217,0.8955512572533849,0.7083120856705762,0.791002277904328,0.7642313691592323,0.675402630343656,0.8908397098103978,0.09509180769884805,0.15917619725468146,1389,572,162,1961
fixed_test_fixed_n_ir,7,2,LightGBM,8000,12000,2.000551876379691,0.5,False,,False,1.0,5.637208700180054,0.9993552546744036,0.9803921568627451,0.9897828863346104,0.9928065937774658,0.9886275545681324,0.9998319019823265,0.00201325789858939,0.0021292284770248475,1550,31,1,1581
fixed_test_fixed_n_ir,7,5,KATS,8000,12000,5.003089598352214,0.8500000000000002,False,14.0,True,1.0,171.28148102760315,0.935525467440361,0.2747065505490345,0.42470364408019906,0.5616577117167002,0.3001492747376676,0.8833001039473621,0.12216844407372078,0.20998360987462103,1451,3831,100,5282
fixed_test_fixed_n_ir,7,5,LightGBM,8000,12000,5.003089598352214,0.5,False,,True,1.0,5.809220790863037,0.9974210186976145,0.9872367581365666,0.9923027581783195,0.9934121883823162,0.9905893223028783,0.9997578449067863,0.0017811498271640715,0.0017903025065113575,1547,20,4,1567
fixed_test_fixed_n_ir,7,10,KATS,8000,12000,9.99646017699115,0.8000000000000003,False,13.0,True,1.0,174.35221815109253,0.9329464861379755,0.2863078749505342,0.4381529144587434,0.5795031220391947,0.3212786634611363,0.872604691755622,0.12324403763837832,0.21977549499467294,1447,3607,104,5054
fixed_test_fixed_n_ir,7,10,LightGBM,8000,12000,9.99646017699115,0.5,False,,True,1.0,5.678983688354492,0.9987105093488072,0.9916773367477593,0.9951814969482814,0.994153026140542,0.9928619433701802,0.9998262101734825,0.0013180495533947555,0.0013212729453871304,1549,13,2,1562
fixed_test_fixed_n_ir,7,20,KATS,8000,12000,20.006369426751593,0.8500000000000002,False,11.0,True,1.0,178.91477942466736,0.9439071566731141,0.28995840760546643,0.44363636363636366,0.5764943221627884,0.32424503905783775,0.874375206841365,0.12224031011345572,0.21055464399028168,1464,3585,87,5049
fixed_test_fixed_n_ir,7,20,LightGBM,8000,12000,20.006369426751593,0.5,False,,True,1.0,5.630571365356445,0.9948420373952289,0.9872040946896993,0.9910083493898523,0.9903126540776687,0.9874224848096133,0.999832173415496,0.0018266868940673001,0.0019169450706175595,1543,20,8,1563
fixed_test_fixed_n_ir,7,30,KATS,8000,12000,30.050228310502284,0.8500000000000002,False,8.0,True,1.0,192.6908631324768,0.9329464861379755,0.29255964415689445,0.44543635524088043,0.6023607000348633,0.3364172350892065,0.8715637662926863,0.11975845098339645,0.20587836396543602,1447,3499,104,4946
fixed_test_fixed_n_ir,7,30,LightGBM,8000,12000,30.050228310502284,0.5,False,,True,1.0,5.550627946853638,0.9961315280464217,0.9916559691912709,0.9938887101962046,0.9932938936918038,0.991429398491617,0.9997627071639097,0.0014556065272694492,0.0012816334749741387,1545,13,6,1558
fixed_test_fixed_n_ir,13,2,KATS,8000,12000,2.000551876379691,0.6000000000000002,False,15.0,False,1.0,149.96632051467896,0.8987749838813669,0.5911789652247668,0.7132258889741622,0.7328535671652269,0.6092229959094648,0.8849697393272016,0.10169848540207149,0.18162654927073507,1394,964,157,2358
fixed_test_fixed_n_ir,13,2,LightGBM,8000,12000,2.000551876379691,0.5,False,,False,1.0,5.567769527435303,0.9948420373952289,0.9891025641025641,0.9919639987142398,0.9940019131470758,0.9908534195455707,0.9994323326574487,0.0014038225437113469,0.0013584907890723374,1543,17,8,1560
fixed_test_fixed_n_ir,13,5,KATS,8000,12000,5.003089598352214,0.8500000000000002,False,12.0,True,1.0,170.831289768219,0.9406834300451322,0.26507994186046513,0.413607370659107,0.5518757591194615,0.28726966757921046,0.87941025160786,0.139022581938935,0.24050499166470848,1459,4045,92,5504
fixed_test_fixed_n_ir,13,5,LightGBM,8000,12000,5.003089598352214,0.5,False,,True,1.0,5.786321640014648,0.9954867827208252,0.9834394904458599,0.9894264658763217,0.9941243971420413,0.9894478246262676,0.9993415629285682,0.0017182152910869364,0.0017374548910487162,1544,26,7,1570
fixed_test_fixed_n_ir,13,10,KATS,8000,12000,9.99646017699115,0.8500000000000002,False,14.0,True,1.0,185.15818691253662,0.9342359767891683,0.30174927113702626,0.45616244294034314,0.5818226155682544,0.33700586440686797,0.874929797530173,0.12588356120931601,0.2192039883303907,1449,3353,102,4802
fixed_test_fixed_n_ir,13,10,LightGBM,8000,12000,9.99646017699115,0.5,False,,True,1.0,5.8870015144348145,0.9935525467440361,0.9890885750962772,0.9913155355419749,0.99411668270761,0.9905616661881559,0.9981694272933314,0.0016795716900744025,0.001684435780158777,1541,17,10,1558
fixed_test_fixed_n_ir,13,20,KATS,8000,12000,20.006369426751593,0.8500000000000002,False,13.0,True,1.0,184.59975719451904,0.9335912314635719,0.3127429805615551,0.46853259990292834,0.6015644264976645,0.3584516802849169,0.875305505734242,0.11665033695122613,0.19477440313464642,1448,3182,103,4630
fixed_test_fixed_n_ir,13,20,LightGBM,8000,12000,20.006369426751593,0.5,False,,True,1.0,5.588801622390747,0.9864603481624759,0.9909326424870466,0.9886914378029079,0.992096309508702,0.9882325193896151,0.9960348421446052,0.0020010461390240777,0.001940208896033949,1530,14,21,1544
fixed_test_fixed_n_ir,13,30,KATS,8000,12000,30.050228310502284,0.8000000000000003,False,8.0,True,1.0,183.80918741226196,0.9348807221147647,0.2707244212098581,0.4198639061821341,0.54224325871136,0.288439982990607,0.866632827881107,0.13970944794398998,0.2436774172509938,1450,3906,101,5356
fixed_test_fixed_n_ir,13,30,LightGBM,8000,12000,30.050228310502284,0.5,False,,True,1.0,5.710245847702026,0.988394584139265,0.9896707553260168,0.9890322580645161,0.9879884644788196,0.9844782109892589,0.9975419101903835,0.002540105230790812,0.00259484992809852,1533,16,18,1549
activation_gate,42,gate_2,KATS,8000,12000,2.998567335243553,0.6500000000000002,False,15.0,True,1.0,174.4690718650818,0.8949065119277885,0.7202906071613908,0.7981598619896493,0.761551649636368,0.6720549309944033,0.868364300129049,0.09885811372296371,0.169102679133053,1388,539,163,1927
activation_gate,42,gate_3,KATS,8000,12000,2.998567335243553,0.6000000000000002,False,15.0,False,1.0,152.63855910301208,0.8961960025789814,0.6810387065164135,0.7739420935412027,0.7436282559337627,0.6420448324535172,0.8607524036093421,0.10366696749816047,0.18066920334871175,1390,651,161,2041
activation_gate,42,gate_5,KATS,8000,12000,2.998567335243553,0.6000000000000002,False,15.0,False,1.0,151.9595537185669,0.8961960025789814,0.6810387065164135,0.7739420935412027,0.7436282559337627,0.6420448324535172,0.8607524036093421,0.10366696749816047,0.18066920334871175,1390,651,161,2041
activation_gate,7,gate_2,KATS,8000,12000,2.998567335243553,0.6500000000000002,False,15.0,True,1.0,169.28621745109558,0.9065119277885235,0.6491228070175439,0.7565240785579769,0.7499470625648662,0.6466302304185476,0.84874045889647,0.1000470741343173,0.17420427186139234,1406,760,145,2166
activation_gate,7,gate_3,KATS,8000,12000,2.998567335243553,0.6500000000000002,False,15.0,False,1.0,157.59935116767883,0.900709219858156,0.654639175257732,0.7582089552238805,0.7539263221729371,0.6517970803065962,0.8499866661791138,0.09703718884318413,0.1603782454652427,1397,737,154,2134
activation_gate,7,gate_5,KATS,8000,12000,2.998567335243553,0.6500000000000002,False,15.0,False,1.0,152.9268355369568,0.900709219858156,0.654639175257732,0.7582089552238805,0.7539263221729371,0.6517970803065962,0.8499866661791138,0.09703718884318413,0.1603782454652427,1397,737,154,2134
activation_gate,13,gate_2,KATS,8000,12000,2.998567335243553,0.5500000000000002,False,15.0,True,1.0,168.06568670272827,0.8994197292069632,0.6518691588785047,0.7558927120021675,0.7593944793166307,0.654736863692264,0.8664453449628673,0.09818854073405155,0.17470601579401954,1395,745,156,2140
activation_gate,13,gate_3,KATS,8000,12000,2.998567335243553,0.5500000000000002,False,15.0,False,1.0,154.00495505332947,0.8981302385557705,0.5768115942028985,0.702471003530005,0.7352289851314243,0.6071826570334814,0.8619196068834752,0.09792260617600747,0.17434559605214842,1393,1022,158,2415
activation_gate,13,gate_5,KATS,8000,12000,2.998567335243553,0.5500000000000002,False,15.0,False,1.0,143.3398506641388,0.8981302385557705,0.5768115942028985,0.702471003530005,0.7352289851314243,0.6071826570334814,0.8619196068834752,0.09792260617600747,0.17434559605214842,1393,1022,158,2415
oversampling_ratio,42,ratio_0.50,KATS,8000,12000,20.006369426751593,0.8500000000000002,False,13.0,True,0.5,164.87222027778625,0.9348807221147647,0.3460620525059666,0.5051384776171399,0.6278465949114046,0.40226118752781326,0.8706104723356699,0.1136461064841292,0.19406842780874375,1450,2740,101,4190
oversampling_ratio,42,ratio_0.75,KATS,8000,12000,20.006369426751593,0.8500000000000002,False,13.0,True,0.75,174.71817350387573,0.9335912314635719,0.3374504777441156,0.4957206436152003,0.624365729959,0.39318798299856106,0.8657700271243975,0.11485842348262039,0.19559701752905712,1448,2843,103,4291
oversampling_ratio,42,ratio_1.00,KATS,8000,12000,20.006369426751593,0.8500000000000002,False,13.0,True,1.0,182.87463212013245,0.9342359767891683,0.33619489559164734,0.49445487118239206,0.6246030281117086,0.3916842557122868,0.872398301884049,0.1126921647547983,0.18836806275842974,1449,2861,102,4310
oversampling_ratio,7,ratio_0.50,KATS,8000,12000,20.006369426751593,0.8500000000000002,False,10.0,True,0.5,169.79250144958496,0.935525467440361,0.27517542196093303,0.425263774912075,0.576993991019585,0.3062161265984815,0.8585098086027789,0.12458962457225176,0.21896210318886247,1451,3822,100,5273
oversampling_ratio,7,ratio_0.75,KATS,8000,12000,20.006369426751593,0.8500000000000002,False,10.0,True,0.75,176.06957411766052,0.9335912314635719,0.27964465044418696,0.4303759845445088,0.5756052597013812,0.3111757320937141,0.8572766922029352,0.12332319200634893,0.21117440768663318,1448,3730,103,5178
oversampling_ratio,7,ratio_1.00,KATS,8000,12000,20.006369426751593,0.8500000000000002,False,9.0,True,1.0,181.49041390419006,0.9393939393939394,0.2797081973507391,0.43106508875739646,0.5790353176743094,0.3127050992879856,0.8604814007339433,0.1248790518420319,0.21602672398918832,1457,3752,94,5209
oversampling_ratio,13,ratio_0.50,KATS,8000,12000,20.006369426751593,0.8500000000000002,False,12.0,True,0.5,168.53782510757446,0.9381044487427466,0.337352191050313,0.49624829467939974,0.6270418541867616,0.39423679166272674,0.8548526311337492,0.13257829294864396,0.23399016045458143,1455,2858,96,4313
oversampling_ratio,13,ratio_0.75,KATS,8000,12000,20.006369426751593,0.8500000000000002,False,12.0,True,0.75,175.03069710731506,0.9381044487427466,0.3184504267892318,0.47549019607843135,0.5872268025840298,0.3554993495183706,0.8538008056159778,0.1336259693715469,0.2299103165550461,1455,3114,96,4569
oversampling_ratio,13,ratio_1.00,KATS,8000,12000,20.006369426751593,0.8500000000000002,False,12.0,True,1.0,178.16316890716553,0.9381044487427466,0.33226764101393014,0.49072512647554806,0.5999518379221448,0.37431313438296243,0.8558896377880587,0.13139036872908436,0.22776091630701767,1455,2924,96,4379
