feature,balanced_stump_accuracy
Flow IAT Mean,0.6374782322114168
Flow Packets/s,0.6369893484980732
Fwd Packets/s,0.6351112250504753
Bwd Packet Length Min,0.6318882949613271
Fwd IAT Mean,0.6307002957849759
Fwd IAT Total,0.6307002957849759
Fwd IAT Max,0.6307002957849759
Total Fwd Packets,0.6307002957849759
Flow Duration,0.6293703491094207
Flow IAT Max,0.628348083251406
Flow IAT Std,0.6276377502632556
Fwd IAT Std,0.6260306689256196
Bwd Packets/s,0.6249296428940792
Fwd Header Length,0.6239987525118631
act_data_pkt_fwd,0.6237022557912824
Subflow Fwd Bytes,0.6175519945368177
Fwd Packet Length Max,0.6175519945368177
Total Length of Fwd Packets,0.6175519945368177
Packet Length Mean,0.6170301367547291
Fwd Packet Length Mean,0.6158128996452288
Fwd IAT Min,0.6094833770358515
Destination Port,0.6085884593638576
Flow Bytes/s,0.605430092405458
Average Packet Size,0.5899246829840091
Init_Win_bytes_backward,0.5854195351090736
Bwd Packet Length Std,0.5802015196631871
Bwd Packet Length Mean,0.5784473585960708
Packet Length Variance,0.5775676050395819
Packet Length Std,0.5775676050395819
Bwd Header Length,0.5761867850361546
Bwd Packet Length Max,0.576114946795107
Max Packet Length,0.5759716970777922
Bwd IAT Min,0.5702071805696628
Bwd IAT Max,0.5699927919747194
Bwd IAT Total,0.5698700172663094
Bwd IAT Mean,0.5696805405515905
PSH Flag Count,0.5683220466227025
Init_Win_bytes_forward,0.5652367466557285
Bwd IAT Std,0.5646204331510709
Fwd Packet Length Std,0.5573600292800982
min_seg_size_forward,0.5524524906861943
Idle Min,0.541138506547437
Flow IAT Min,0.538900028094005
Active Max,0.5386627508478845
Active Mean,0.5386627508478845
Active Min,0.5386627508478845
Idle Mean,0.5151541756743069
ACK Flag Count,0.5064350576966683
Idle Max,0.501748614101204
Fwd Packet Length Min,0.4799448951747737
Min Packet Length,0.47898390512817973
FIN Flag Count,0.3926874268564683
